,date,open,close,high,low,volume,code
0,2010-08-27,7.188,7.216,7.36,6.759,113395.0,300112
1,2010-08-30,7.078,7.156,7.328,6.96,65856.0,300112
2,2010-08-31,7.021,7.461,7.719,6.986,60214.0,300112
3,2010-09-01,7.36,7.038,7.441,6.909,47977.0,300112
4,2010-09-02,7.07,7.489,7.547,7.015,46416.0,300112
5,2010-09-03,7.504,7.51,7.903,7.36,51770.0,300112
6,2010-09-06,7.478,7.346,7.584,7.142,32586.0,300112
7,2010-09-07,7.251,7.395,7.472,7.251,18006.0,300112
8,2010-09-08,7.38,7.305,7.38,7.251,15500.0,300112
9,2010-09-09,7.311,7.211,7.466,7.182,16430.0,300112
10,2010-09-10,7.188,7.228,7.303,7.055,13891.0,300112
11,2010-09-13,7.239,7.949,7.949,7.239,43573.0,300112
12,2010-09-14,8.102,7.656,8.108,7.61,44000.0,300112
13,2010-09-15,7.648,7.455,7.754,7.36,23059.0,300112
14,2010-09-16,7.441,7.3,7.51,7.216,15345.0,300112
15,2010-09-17,7.308,7.222,7.383,7.19,7829.0,300112
16,2010-09-20,7.173,6.9,7.268,6.877,11740.0,300112
17,2010-09-21,6.9,6.799,6.975,6.751,9960.0,300112
18,2010-09-27,6.814,6.943,6.952,6.759,5595.0,300112
19,2010-09-28,6.9,6.788,6.972,6.782,5782.0,300112
20,2010-09-29,6.788,6.843,6.848,6.756,5968.0,300112
21,2010-09-30,6.797,6.992,7.006,6.791,5751.0,300112
22,2010-10-08,6.995,7.167,7.219,6.992,11140.0,300112
23,2010-10-11,7.167,6.958,7.167,6.9,10915.0,300112
24,2010-10-12,6.96,6.966,7.055,6.946,4687.0,300112
25,2010-10-13,6.906,6.963,6.986,6.788,8069.0,300112
26,2010-10-14,6.986,6.799,6.986,6.785,6302.0,300112
27,2010-10-15,6.82,6.523,6.958,6.434,11729.0,300112
28,2010-10-18,6.42,6.383,6.498,6.262,6882.0,300112
29,2010-10-19,6.4,6.702,6.808,6.354,10317.0,300112
30,2010-10-20,6.641,6.684,6.811,6.587,10212.0,300112
31,2010-10-21,6.67,6.615,6.751,6.526,4662.0,300112
32,2010-10-22,6.578,6.73,6.797,6.578,7560.0,300112
33,2010-10-25,6.739,6.868,6.886,6.684,8422.0,300112
34,2010-10-26,6.857,6.768,6.886,6.713,5669.0,300112
35,2010-10-27,6.86,6.854,6.981,6.791,8026.0,300112
36,2010-10-28,6.857,6.866,6.972,6.837,6734.0,300112
37,2010-10-29,6.848,7.044,7.084,6.848,10560.0,300112
38,2010-11-01,7.101,7.208,7.308,7.05,13196.0,300112
39,2010-11-02,7.216,7.032,7.257,7.029,11292.0,300112
40,2010-11-03,7.009,6.871,7.009,6.863,7325.0,300112
41,2010-11-04,6.868,6.975,6.981,6.86,5035.0,300112
42,2010-11-05,7.015,7.219,7.265,7.001,10877.0,300112
43,2010-11-08,7.239,7.294,7.346,7.19,10515.0,300112
44,2010-11-09,7.326,7.337,7.351,7.259,10341.0,300112
45,2010-11-10,7.331,7.412,7.469,7.288,9801.0,300112
46,2010-11-11,7.412,7.331,7.619,7.331,12021.0,300112
47,2010-11-12,7.305,7.009,7.426,6.952,12459.0,300112
48,2010-11-15,7.044,7.547,7.55,7.044,14745.0,300112
49,2010-11-16,7.53,7.389,7.797,7.277,18445.0,300112
50,2010-11-17,7.314,7.38,7.648,7.245,13553.0,300112
51,2010-11-18,7.429,7.714,7.728,7.288,18037.0,300112
52,2010-11-19,7.714,7.878,7.883,7.584,20757.0,300112
53,2010-11-22,7.849,7.699,7.975,7.642,20719.0,300112
54,2010-11-23,7.648,7.806,7.832,7.501,12194.0,300112
55,2010-11-24,7.734,8.093,8.194,7.731,21455.0,300112
56,2010-11-25,8.099,7.906,8.136,7.878,14083.0,300112
57,2010-11-26,7.849,7.932,8.039,7.84,10893.0,300112
58,2010-11-29,7.849,8.016,8.102,7.786,29834.0,300112
59,2010-11-30,7.935,7.711,7.981,7.533,20379.0,300112
60,2010-12-01,7.636,7.642,7.811,7.599,10091.0,300112
61,2010-12-02,7.734,7.627,7.777,7.622,9742.0,300112
62,2010-12-03,7.642,7.521,7.659,7.389,11211.0,300112
63,2010-12-06,7.489,7.294,7.547,7.245,8431.0,300112
64,2010-12-07,7.294,7.446,7.464,7.274,5552.0,300112
65,2010-12-08,7.441,7.351,7.527,7.331,5749.0,300112
66,2010-12-09,7.351,7.343,7.432,7.303,4907.0,300112
67,2010-12-10,7.303,7.455,7.472,7.303,5543.0,300112
68,2010-12-13,7.512,7.671,7.685,7.481,12259.0,300112
69,2010-12-14,7.676,7.696,7.763,7.579,6335.0,300112
70,2010-12-15,7.673,7.636,7.722,7.599,6486.0,300112
71,2010-12-16,7.656,7.722,7.809,7.653,5872.0,300112
72,2010-12-17,7.696,7.892,7.949,7.696,9411.0,300112
73,2010-12-20,7.892,7.705,7.938,7.57,9954.0,300112
74,2010-12-21,7.719,7.8,7.855,7.648,7120.0,300112
75,2010-12-22,7.84,7.679,7.84,7.659,5323.0,300112
76,2010-12-23,7.688,7.504,7.728,7.489,5638.0,300112
77,2010-12-24,7.472,7.334,7.518,7.326,5580.0,300112
78,2010-12-27,7.389,7.07,7.455,7.07,4884.0,300112
79,2010-12-28,7.047,7.038,7.11,6.981,3769.0,300112
80,2010-12-29,7.073,7.153,7.159,7.041,3227.0,300112
81,2010-12-30,7.124,7.182,7.211,7.058,3447.0,300112
82,2010-12-31,7.182,7.297,7.303,7.119,4491.0,300112
83,2011-01-04,7.331,7.395,7.51,7.234,7399.0,300112
84,2011-01-05,7.363,7.346,7.392,7.311,4772.0,300112
85,2011-01-06,7.337,7.19,7.386,7.19,4312.0,300112
86,2011-01-07,7.193,7.13,7.271,7.11,4465.0,300112
87,2011-01-10,7.13,7.015,7.156,6.972,3586.0,300112
88,2011-01-11,6.909,6.917,6.975,6.871,4361.0,300112
89,2011-01-12,6.949,7.029,7.029,6.935,4043.0,300112
90,2011-01-13,7.084,6.952,7.084,6.949,2307.0,300112
91,2011-01-14,6.909,6.765,6.943,6.736,3332.0,300112
92,2011-01-17,6.742,6.506,6.802,6.44,4210.0,300112
93,2011-01-18,6.518,6.515,6.549,6.477,1940.0,300112
94,2011-01-19,6.515,6.644,6.659,6.515,2542.0,300112
95,2011-01-20,6.636,6.411,6.661,6.411,2326.0,300112
96,2011-01-21,6.408,6.515,6.555,6.397,1301.0,300112
97,2011-01-24,6.526,6.532,6.613,6.417,3625.0,300112
98,2011-01-25,6.512,6.521,6.569,6.469,2943.0,300112
99,2011-01-26,6.521,6.584,6.647,6.521,2787.0,300112
100,2011-01-27,6.549,6.67,6.684,6.5,3297.0,300112
101,2011-01-28,6.679,6.641,6.679,6.48,2258.0,300112
102,2011-01-31,6.613,6.702,6.742,6.558,2957.0,300112
103,2011-02-01,6.725,6.63,6.725,6.604,2930.0,300112
104,2011-02-09,6.587,6.598,6.684,6.572,2609.0,300112
105,2011-02-10,6.572,6.82,6.863,6.555,4101.0,300112
106,2011-02-11,6.808,6.857,6.871,6.759,3092.0,300112
107,2011-02-14,6.837,6.891,6.917,6.82,4452.0,300112
108,2011-02-15,6.857,6.831,6.926,6.828,4266.0,300112
109,2011-02-16,6.831,6.952,6.958,6.831,4193.0,300112
110,2011-02-17,6.972,6.937,6.989,6.874,4994.0,300112
111,2011-02-18,6.963,6.822,6.963,6.808,4078.0,300112
112,2011-02-21,6.765,6.883,6.889,6.765,3915.0,300112
113,2011-02-22,6.837,6.607,6.883,6.607,6312.0,300112
114,2011-02-23,6.552,6.684,6.69,6.552,3913.0,300112
115,2011-02-24,6.641,6.745,6.745,6.627,3281.0,300112
116,2011-02-25,6.748,6.753,6.779,6.647,3799.0,300112
117,2011-02-28,6.756,6.851,6.851,6.705,5582.0,300112
118,2011-03-01,6.843,6.886,6.966,6.831,6034.0,300112
119,2011-03-02,6.837,6.817,6.883,6.759,3332.0,300112
120,2011-03-03,6.814,6.667,6.843,6.65,3532.0,300112
121,2011-03-04,6.667,6.736,6.739,6.65,1786.0,300112
122,2011-03-07,6.705,6.756,6.771,6.705,4336.0,300112
123,2011-03-08,6.759,6.785,6.808,6.73,3076.0,300112
124,2011-03-09,6.785,6.742,6.811,6.71,4760.0,300112
125,2011-03-10,6.771,6.82,6.843,6.742,7420.0,300112
126,2011-03-11,6.788,6.874,6.955,6.788,9445.0,300112
127,2011-03-14,6.877,6.923,6.929,6.759,7968.0,300112
128,2011-03-15,6.914,6.831,6.914,6.759,3952.0,300112
129,2011-03-16,6.843,6.983,7.044,6.843,8802.0,300112
130,2011-03-17,6.969,6.825,6.969,6.814,4779.0,300112
131,2011-03-18,6.845,6.877,6.917,6.845,2261.0,300112
132,2011-03-21,6.871,6.843,6.891,6.837,2160.0,300112
133,2011-03-22,6.857,6.733,6.889,6.728,5182.0,300112
134,2011-03-23,6.751,6.791,6.802,6.728,2144.0,300112
135,2011-03-24,6.765,6.845,6.851,6.765,4017.0,300112
136,2011-03-25,6.843,6.863,6.863,6.799,4717.0,300112
137,2011-03-28,6.868,6.897,6.966,6.868,5805.0,300112
138,2011-03-29,6.845,6.771,6.897,6.73,5279.0,300112
139,2011-03-30,6.748,6.633,6.811,6.541,4122.0,300112
140,2011-03-31,6.633,6.575,6.676,6.564,2272.0,300112
141,2011-04-01,6.575,6.607,6.627,6.541,2008.0,300112
142,2011-04-06,6.604,6.555,6.621,6.477,2711.0,300112
143,2011-04-07,6.552,6.572,6.584,6.503,2383.0,300112
144,2011-04-08,6.595,6.604,6.627,6.567,2557.0,300112
145,2011-04-11,6.613,6.509,6.624,6.506,2475.0,300112
146,2011-04-12,6.486,6.512,6.552,6.483,2727.0,300112
147,2011-04-13,6.512,6.59,6.59,6.486,2722.0,300112
148,2011-04-14,6.584,6.518,6.587,6.498,2350.0,300112
149,2011-04-15,6.503,6.503,6.561,6.446,1699.0,300112
150,2011-04-18,6.498,6.46,6.532,6.357,1783.0,300112
151,2011-04-19,6.411,6.437,6.466,6.377,1982.0,300112
152,2011-04-20,6.434,6.475,6.492,6.397,1321.0,300112
153,2011-04-21,6.437,6.59,6.673,6.437,4103.0,300112
154,2011-04-22,6.572,6.584,6.644,6.572,1579.0,300112
155,2011-04-25,6.544,6.584,6.656,6.544,2075.0,300112
156,2011-04-26,6.549,6.227,6.578,6.19,2954.0,300112
157,2011-04-27,6.328,6.291,6.397,6.181,2385.0,300112
158,2011-04-28,6.245,5.902,6.288,5.865,3762.0,300112
159,2011-04-29,5.879,5.992,5.994,5.836,1375.0,300112
160,2011-05-03,6.009,6.032,6.089,5.98,1053.0,300112
161,2011-05-04,6.038,5.862,6.078,5.822,1671.0,300112
162,2011-05-05,5.859,5.859,5.905,5.793,1350.0,300112
163,2011-05-06,5.842,5.894,5.946,5.842,750.0,300112
164,2011-05-09,5.914,5.971,6.023,5.914,898.0,300112
165,2011-05-10,6.026,6.017,6.026,5.911,898.0,300112
166,2011-05-11,6.003,6.006,6.023,5.943,1291.0,300112
167,2011-05-12,5.966,5.865,6.023,5.865,1331.0,300112
168,2011-05-13,5.891,5.923,5.923,5.859,1178.0,300112
169,2011-05-16,5.946,5.96,5.96,5.914,1155.0,300112
170,2011-05-17,5.914,5.928,5.966,5.877,977.0,300112
171,2011-05-18,5.911,5.914,5.951,5.9,1067.0,300112
172,2011-05-19,5.948,5.946,5.948,5.9,1601.0,300112
173,2011-05-23,5.905,5.75,5.905,5.693,3202.0,300112
174,2011-05-24,5.759,5.851,5.854,5.647,3390.0,300112
175,2011-05-25,5.851,5.716,5.851,5.695,1468.0,300112
176,2011-05-26,5.739,5.589,5.739,5.549,1313.0,300112
177,2011-05-27,5.526,5.396,5.629,5.348,1993.0,300112
178,2011-05-30,5.373,5.35,5.434,5.215,3380.0,300112
179,2011-05-31,5.368,5.434,5.447,5.216,4322.0,300112
180,2011-06-01,5.421,5.434,5.455,5.36,2815.0,300112
181,2011-06-02,5.347,5.277,5.347,5.208,3510.0,300112
182,2011-06-03,5.286,5.377,5.386,5.286,1932.0,300112
183,2011-06-07,5.377,5.534,5.647,5.377,5814.0,300112
184,2011-06-08,5.464,5.564,5.607,5.303,5198.0,300112
185,2011-06-09,5.477,5.408,5.534,5.39,1809.0,300112
186,2011-06-10,5.442,5.36,5.442,5.264,1711.0,300112
187,2011-06-13,5.342,5.373,5.39,5.273,1126.0,300112
188,2011-06-14,5.377,5.429,5.473,5.368,2648.0,300112
189,2011-06-15,5.455,5.368,5.455,5.308,1532.0,300112
190,2011-06-16,5.342,5.26,5.342,5.216,1653.0,300112
191,2011-06-17,5.26,5.138,5.268,5.116,1294.0,300112
192,2011-06-20,5.129,5.025,5.155,5.003,1335.0,300112
193,2011-06-21,5.095,5.09,5.138,5.034,881.0,300112
194,2011-06-22,5.077,5.086,5.129,5.051,790.0,300112
195,2011-06-23,5.099,5.216,5.238,5.025,2450.0,300112
196,2011-06-24,5.203,5.368,5.468,5.116,4435.0,300112
197,2011-06-27,5.368,5.421,5.473,5.325,4180.0,300112
198,2011-06-28,5.425,5.434,5.442,5.377,2329.0,300112
199,2011-06-29,5.442,5.373,5.451,5.351,2802.0,300112
200,2011-06-30,5.373,5.429,5.451,5.373,1760.0,300112
201,2011-07-01,5.494,5.447,5.494,5.421,3607.0,300112
202,2011-07-04,5.468,5.538,5.538,5.438,3435.0,300112
203,2011-07-05,5.551,5.529,5.564,5.477,2746.0,300112
204,2011-07-06,5.529,5.642,5.729,5.481,6213.0,300112
205,2011-07-07,5.712,5.738,5.816,5.599,10050.0,300112
206,2011-07-08,5.664,5.629,5.729,5.577,3613.0,300112
207,2011-07-11,5.599,5.634,5.716,5.568,2229.0,300112
208,2011-07-12,5.568,5.499,5.638,5.499,2477.0,300112
209,2011-07-13,5.46,5.607,5.612,5.46,2013.0,300112
210,2011-07-14,5.607,5.751,5.76,5.607,4103.0,300112
211,2011-07-15,5.777,5.894,5.938,5.755,6653.0,300112
212,2011-07-18,5.899,5.82,5.947,5.773,4468.0,300112
213,2011-07-19,5.903,5.751,5.903,5.716,2433.0,300112
214,2011-07-20,5.825,5.768,5.842,5.694,3048.0,300112
215,2011-07-21,5.781,5.634,5.886,5.621,2789.0,300112
216,2011-07-22,5.734,5.664,5.734,5.634,1879.0,300112
217,2011-07-25,5.647,5.386,5.694,5.338,2917.0,300112
218,2011-07-26,5.347,5.408,5.451,5.347,1363.0,300112
219,2011-07-27,5.408,5.512,5.534,5.377,1718.0,300112
220,2011-07-28,5.421,5.512,5.516,5.421,2981.0,300112
221,2011-07-29,5.516,5.499,5.586,5.434,2833.0,300112
222,2011-08-01,5.516,5.529,5.542,5.447,2553.0,300112
223,2011-08-02,5.508,5.46,5.508,5.312,3248.0,300112
224,2011-08-03,5.416,5.738,5.92,5.39,11633.0,300112
225,2011-08-04,5.716,5.716,5.755,5.651,5674.0,300112
226,2011-08-05,5.455,5.46,5.521,5.347,7325.0,300112
227,2011-08-08,5.338,5.068,5.412,4.912,5138.0,300112
228,2011-08-09,4.882,4.947,5.021,4.847,5676.0,300112
229,2011-08-10,4.999,5.012,5.068,4.955,6603.0,300112
230,2011-08-11,4.877,5.221,5.29,4.869,8256.0,300112
231,2011-08-12,5.255,5.268,5.338,5.216,7595.0,300112
232,2011-08-15,5.268,5.351,5.373,5.242,5457.0,300112
233,2011-08-16,5.368,5.39,5.534,5.342,8004.0,300112
234,2011-08-17,5.364,5.516,5.599,5.364,9889.0,300112
235,2011-08-18,5.521,5.338,5.555,5.308,6736.0,300112
236,2011-08-19,5.238,5.612,5.612,5.177,10589.0,300112
237,2011-08-22,5.607,5.721,5.864,5.586,18093.0,300112
238,2011-08-23,5.729,5.799,5.834,5.629,10702.0,300112
239,2011-08-24,5.847,5.725,5.894,5.707,15029.0,300112
240,2011-08-25,5.729,5.734,5.825,5.542,9440.0,300112
241,2011-08-26,5.734,5.794,5.816,5.69,6924.0,300112
242,2011-08-29,5.751,5.729,5.851,5.694,7094.0,300112
243,2011-08-30,5.747,5.568,5.816,5.568,9366.0,300112
244,2011-08-31,5.568,5.59,5.621,5.481,4317.0,300112
245,2011-09-01,5.59,5.586,5.673,5.542,3136.0,300112
246,2011-09-02,5.573,5.464,5.573,5.416,2586.0,300112
247,2011-09-05,5.438,5.264,5.438,5.264,2735.0,300112
248,2011-09-06,5.225,5.19,5.26,5.155,2744.0,300112
249,2011-09-07,5.186,5.321,5.325,5.182,3042.0,300112
250,2011-09-08,5.321,5.242,5.368,5.238,2120.0,300112
251,2011-09-09,5.312,5.203,5.312,5.186,2200.0,300112
252,2011-09-13,5.151,5.155,5.212,5.029,2956.0,300112
253,2011-09-14,5.147,5.273,5.277,5.125,3656.0,300112
254,2011-09-15,5.273,5.368,5.512,4.999,5837.0,300112
255,2011-09-16,5.342,5.316,5.412,5.303,2417.0,300112
256,2011-09-19,5.303,5.129,5.312,5.116,2700.0,300112
257,2011-09-20,5.155,5.164,5.199,5.116,1437.0,300112
258,2011-09-21,5.164,5.316,5.325,5.147,2433.0,300112
259,2011-09-22,5.295,5.173,5.338,5.164,1600.0,300112
260,2011-09-23,5.125,5.16,5.212,5.064,2579.0,300112
261,2011-09-26,5.208,5.129,5.216,5.108,1170.0,300112
262,2011-09-27,5.203,5.129,5.203,5.086,2253.0,300112
263,2011-09-28,5.142,5.068,5.173,5.042,1951.0,300112
264,2011-09-29,5.021,4.869,5.034,4.864,2546.0,300112
265,2011-09-30,4.903,4.834,4.921,4.782,1411.0,300112
266,2011-10-10,4.825,4.829,4.886,4.803,601.0,300112
267,2011-10-11,4.955,4.855,4.999,4.803,2040.0,300112
268,2011-10-12,4.869,4.999,5.021,4.734,2658.0,300112
269,2011-10-13,5.003,5.073,5.09,4.934,3648.0,300112
270,2011-10-14,5.008,5.042,5.06,4.982,1965.0,300112
271,2011-10-17,5.108,5.073,5.108,5.008,2093.0,300112
272,2011-10-18,5.064,4.951,5.082,4.903,2332.0,300112
273,2011-10-19,4.938,5.068,5.299,4.912,7804.0,300112
274,2011-10-20,5.108,4.877,5.108,4.825,5805.0,300112
275,2011-10-21,4.864,4.664,4.864,4.66,2671.0,300112
276,2011-10-24,4.656,4.721,4.764,4.473,2642.0,300112
277,2011-10-25,4.673,4.855,4.877,4.642,3746.0,300112
278,2011-10-26,4.838,4.908,5.038,4.803,6363.0,300112
279,2011-10-27,4.912,4.925,5.016,4.886,4107.0,300112
280,2011-10-28,4.995,5.029,5.042,4.938,4586.0,300112
281,2011-10-31,5.025,5.06,5.099,4.982,4122.0,300112
282,2011-11-01,5.064,5.086,5.095,4.973,5787.0,300112
283,2011-11-02,4.934,5.177,5.208,4.912,8973.0,300112
284,2011-11-03,5.216,5.177,5.338,5.173,14145.0,300112
285,2011-11-04,5.212,5.247,5.29,5.177,7031.0,300112
286,2011-11-07,5.247,5.412,5.494,5.247,13963.0,300112
287,2011-11-08,5.368,5.264,5.486,5.26,9755.0,300112
288,2011-11-09,5.264,5.79,5.79,5.225,36644.0,300112
289,2011-11-10,5.868,6.368,6.368,5.803,100822.0,300112
290,2011-11-11,6.216,6.216,6.346,6.094,67497.0,300112
291,2011-11-14,6.173,6.286,6.333,6.173,45472.0,300112
292,2011-11-15,6.242,6.225,6.407,6.194,37013.0,300112
293,2011-11-16,6.194,5.999,6.229,5.977,35035.0,300112
294,2011-11-17,6.003,6.042,6.16,5.934,26892.0,300112
295,2011-11-18,5.96,5.899,6.033,5.825,22380.0,300112
296,2011-11-21,5.838,5.86,6.02,5.76,16748.0,300112
297,2011-11-22,5.794,5.951,5.955,5.703,16443.0,300112
298,2011-11-23,5.951,5.69,6.003,5.668,15384.0,300112
299,2011-11-24,5.586,5.612,5.673,5.447,18814.0,300112
300,2011-11-25,5.538,5.455,5.647,5.394,12935.0,300112
301,2011-11-28,5.468,5.56,5.564,5.416,9240.0,300112
302,2011-11-29,5.603,5.664,5.673,5.473,14987.0,300112
303,2011-11-30,5.651,5.099,5.66,5.099,24252.0,300112
304,2011-12-01,5.238,5.073,5.277,5.068,22375.0,300112
305,2011-12-02,5.042,4.847,5.042,4.803,14507.0,300112
306,2011-12-05,4.864,4.716,4.869,4.708,7419.0,300112
307,2011-12-06,4.773,4.825,4.903,4.677,7268.0,300112
308,2011-12-07,4.769,4.877,4.908,4.769,7225.0,300112
309,2011-12-08,4.899,4.934,5.038,4.703,13467.0,300112
310,2011-12-09,4.86,4.821,4.942,4.799,6200.0,300112
311,2011-12-12,4.847,4.812,4.89,4.799,3764.0,300112
312,2011-12-13,4.79,4.608,4.834,4.564,5111.0,300112
313,2011-12-14,4.512,4.508,4.608,4.482,5122.0,300112
314,2011-12-15,4.395,4.495,4.582,4.39,4540.0,300112
315,2011-12-16,4.46,4.673,4.695,4.456,12735.0,300112
316,2011-12-19,4.608,4.747,4.769,4.564,14203.0,300112
317,2011-12-20,4.708,4.638,4.816,4.638,11597.0,300112
318,2011-12-21,4.69,4.747,5.086,4.677,33142.0,300112
319,2011-12-22,4.651,4.499,4.651,4.282,21718.0,300112
320,2011-12-23,4.403,4.46,4.586,4.399,12108.0,300112
321,2011-12-26,4.46,4.382,4.521,4.351,6375.0,300112
322,2011-12-27,4.382,4.103,4.382,4.099,8810.0,300112
323,2011-12-29,4.095,4.051,4.117,4.021,6722.0,300112
324,2011-12-30,4.056,4.125,4.147,4.056,4965.0,300112
325,2012-01-04,4.156,4.025,4.195,4.025,6210.0,300112
326,2012-01-05,3.99,3.734,4.025,3.717,7617.0,300112
327,2012-01-06,3.699,3.782,3.795,3.643,4588.0,300112
328,2012-01-09,3.764,3.93,3.99,3.734,8764.0,300112
329,2012-01-10,3.934,4.077,4.095,3.912,10751.0,300112
330,2012-01-11,4.043,4.112,4.26,4.021,11929.0,300112
331,2012-01-12,4.09,4.06,4.203,4.034,6463.0,300112
332,2012-01-13,4.012,3.76,4.064,3.738,8718.0,300112
333,2012-01-16,3.782,3.673,3.834,3.673,3630.0,300112
334,2012-01-17,3.712,3.895,3.921,3.673,6132.0,300112
335,2012-01-18,3.869,3.695,3.956,3.673,7480.0,300112
336,2012-01-19,3.717,3.825,3.843,3.651,4348.0,300112
337,2012-01-20,3.825,3.873,3.925,3.825,4293.0,300112
338,2012-01-30,3.864,3.882,3.951,3.834,4291.0,300112
339,2012-01-31,3.869,3.869,3.882,3.782,2005.0,300112
340,2012-02-01,3.834,3.834,3.943,3.825,2512.0,300112
341,2012-02-02,3.834,3.912,3.921,3.834,4215.0,300112
342,2012-02-03,3.886,4.03,4.051,3.886,8484.0,300112
343,2012-02-06,4.043,4.064,4.099,3.999,7769.0,300112
344,2012-02-07,3.986,3.947,4.051,3.921,8056.0,300112
345,2012-02-08,3.925,4.343,4.343,3.925,16568.0,300112
346,2012-02-09,4.534,4.456,4.556,4.347,34771.0,300112
347,2012-02-10,4.421,4.377,4.434,4.338,14740.0,300112
348,2012-02-13,4.321,4.421,4.456,4.308,12166.0,300112
349,2012-02-14,4.416,4.369,4.425,4.351,9625.0,300112
350,2012-02-15,4.356,4.425,4.425,4.347,11679.0,300112
351,2012-02-16,4.412,4.39,4.49,4.321,16505.0,300112
352,2012-02-17,4.399,4.382,4.416,4.321,9288.0,300112
353,2012-02-20,4.412,4.434,4.49,4.399,13030.0,300112
354,2012-02-21,4.421,4.469,4.469,4.33,11611.0,300112
355,2012-02-22,4.451,4.682,4.76,4.429,27308.0,300112
356,2012-02-23,4.634,4.603,4.677,4.534,15636.0,300112
357,2012-02-24,4.599,4.612,4.756,4.56,13931.0,300112
358,2012-02-27,4.616,4.56,4.66,4.543,11912.0,300112
359,2012-02-28,4.543,4.486,4.543,4.403,12023.0,300112
360,2012-02-29,4.464,4.408,4.499,4.399,5461.0,300112
361,2012-03-01,4.395,4.425,4.473,4.382,6194.0,300112
362,2012-03-02,4.395,4.477,4.499,4.395,6082.0,300112
363,2012-03-05,4.477,4.482,4.564,4.473,8849.0,300112
364,2012-03-06,4.482,4.429,4.495,4.36,5640.0,300112
365,2012-03-07,4.39,4.456,4.516,4.36,5831.0,300112
366,2012-03-08,4.456,4.582,4.595,4.456,10251.0,300112
367,2012-03-09,4.547,4.608,4.634,4.543,9330.0,300112
368,2012-03-12,4.608,4.621,4.669,4.547,7801.0,300112
369,2012-03-13,4.621,4.686,4.708,4.573,10813.0,300112
370,2012-03-14,4.695,4.495,5.086,4.46,30401.0,300112
371,2012-03-15,4.521,4.46,4.642,4.39,14396.0,300112
372,2012-03-16,4.477,4.564,4.564,4.425,9330.0,300112
373,2012-03-19,4.573,4.773,4.825,4.573,18554.0,300112
374,2012-03-20,4.782,4.577,4.79,4.569,12831.0,300112
375,2012-03-21,4.612,4.69,4.699,4.512,7489.0,300112
376,2012-03-22,4.716,4.664,4.734,4.634,8329.0,300112
377,2012-03-23,4.634,4.486,4.66,4.464,5285.0,300112
378,2012-03-26,4.46,4.499,4.538,4.456,3430.0,300112
379,2012-03-27,4.556,4.425,4.564,4.403,3735.0,300112
380,2012-03-28,4.425,4.099,4.447,4.034,6703.0,300112
381,2012-03-29,4.086,3.912,4.138,3.873,7444.0,300112
382,2012-03-30,4.195,4.303,4.303,4.095,16371.0,300112
383,2012-04-05,4.303,4.547,4.638,4.264,23042.0,300112
384,2012-04-06,4.482,4.482,4.534,4.438,15309.0,300112
385,2012-04-09,4.49,4.39,4.525,4.39,7685.0,300112
386,2012-04-10,4.356,4.456,4.482,4.321,9686.0,300112
387,2012-04-11,4.456,4.516,4.516,4.39,8191.0,300112
388,2012-04-12,4.547,4.577,4.595,4.495,8625.0,300112
389,2012-04-13,4.586,4.56,4.638,4.543,8683.0,300112
390,2012-04-16,4.564,4.599,4.612,4.499,7782.0,300112
391,2012-04-17,4.599,4.512,4.634,4.503,6165.0,300112
392,2012-04-18,4.521,4.642,4.642,4.499,8270.0,300112
393,2012-04-19,4.651,4.647,4.673,4.59,6766.0,300112
394,2012-04-23,4.651,4.425,4.695,4.395,9659.0,300112
395,2012-04-24,4.399,4.338,4.464,4.225,7628.0,300112
396,2012-04-25,4.33,4.395,4.421,4.26,3805.0,300112
397,2012-04-26,4.399,4.429,4.464,4.382,4052.0,300112
398,2012-04-27,4.429,4.477,4.543,4.425,4359.0,300112
399,2012-05-02,4.503,4.543,4.56,4.495,4673.0,300112
400,2012-05-03,4.534,4.556,4.556,4.482,3454.0,300112
401,2012-05-04,4.556,4.612,4.621,4.543,4848.0,300112
402,2012-05-07,4.616,4.686,4.686,4.564,6857.0,300112
403,2012-05-08,4.751,4.851,5.125,4.751,28720.0,300112
404,2012-05-09,4.782,4.686,4.803,4.642,15156.0,300112
405,2012-05-10,4.699,4.76,4.825,4.673,7891.0,300112
406,2012-05-11,4.76,4.695,4.808,4.682,6307.0,300112
407,2012-05-14,4.742,4.699,4.769,4.651,5395.0,300112
408,2012-05-15,4.699,4.725,4.734,4.616,5738.0,300112
409,2012-05-16,4.752,4.653,4.752,4.634,6446.0,300112
410,2012-05-17,4.653,4.772,4.811,4.653,9823.0,300112
411,2012-05-18,4.712,4.667,4.772,4.653,6627.0,300112
412,2012-05-21,4.693,4.673,4.712,4.634,3862.0,300112
413,2012-05-22,4.673,4.745,4.778,4.673,5797.0,300112
414,2012-05-23,4.745,4.706,4.765,4.653,6157.0,300112
415,2012-05-24,4.706,4.673,4.745,4.66,4254.0,300112
416,2012-05-25,4.686,4.483,4.712,4.45,8704.0,300112
417,2012-05-28,4.483,4.548,4.548,4.391,7050.0,300112
418,2012-05-29,4.548,4.607,4.634,4.522,6127.0,300112
419,2012-05-30,4.614,4.647,4.653,4.562,7031.0,300112
420,2012-05-31,4.594,4.68,4.752,4.594,7819.0,300112
421,2012-06-01,4.719,4.686,4.739,4.647,9300.0,300112
422,2012-06-04,4.614,4.443,4.614,4.424,10970.0,300112
423,2012-06-05,4.443,4.463,4.483,4.404,5739.0,300112
424,2012-06-06,4.476,4.496,4.601,4.463,7234.0,300112
425,2012-06-07,4.594,4.47,4.594,4.457,4323.0,300112
426,2012-06-08,4.502,4.463,4.529,4.43,3524.0,300112
427,2012-06-11,4.483,4.726,4.791,4.45,24166.0,300112
428,2012-06-12,4.68,5.152,5.159,4.667,59065.0,300112
429,2012-06-13,5.087,5.093,5.119,4.962,62918.0,300112
430,2012-06-14,5.034,4.89,5.067,4.857,34003.0,300112
431,2012-06-15,4.903,4.857,4.949,4.745,28016.0,300112
432,2012-06-18,4.857,5.343,5.343,4.857,89624.0,300112
433,2012-06-19,5.494,5.303,5.677,5.211,120504.0,300112
434,2012-06-20,5.192,5.585,5.71,5.159,101316.0,300112
435,2012-06-21,5.448,5.277,5.461,5.27,49589.0,300112
436,2012-06-25,5.205,5.047,5.303,5.021,39680.0,300112
437,2012-06-26,4.975,5.126,5.198,4.968,28107.0,300112
438,2012-06-27,5.087,5.165,5.283,5.008,31636.0,300112
439,2012-06-28,5.146,4.863,5.231,4.857,30071.0,300112
440,2012-06-29,4.752,4.844,4.844,4.594,29810.0,300112
441,2012-07-02,4.844,4.949,5.087,4.804,24448.0,300112
442,2012-07-03,4.942,4.942,5.047,4.883,20271.0,300112
443,2012-07-04,4.942,5.028,5.152,4.909,25850.0,300112
444,2012-07-05,5.087,5.047,5.29,5.014,37225.0,300112
445,2012-07-06,4.988,4.962,5.014,4.739,32287.0,300112
446,2012-07-09,4.909,4.706,4.909,4.706,17824.0,300112
447,2012-07-10,4.653,4.588,4.732,4.588,13262.0,300112
448,2012-07-11,4.634,4.614,4.706,4.601,11357.0,300112
449,2012-07-12,4.627,4.693,4.745,4.522,16043.0,300112
450,2012-07-13,4.667,4.588,4.752,4.562,14422.0,300112
451,2012-07-16,4.614,4.338,4.627,4.319,17783.0,300112
452,2012-07-17,4.332,4.397,4.417,4.299,6756.0,300112
453,2012-07-18,4.397,4.397,4.417,4.292,8834.0,300112
454,2012-07-19,4.397,4.45,4.529,4.378,9632.0,300112
455,2012-07-20,4.483,4.529,4.706,4.424,15925.0,300112
456,2012-07-23,4.496,4.437,4.496,4.365,7683.0,300112
457,2012-07-24,4.378,4.502,4.575,4.378,6881.0,300112
458,2012-07-25,4.489,4.457,4.555,4.437,7338.0,300112
459,2012-07-26,4.463,4.45,4.562,4.443,6912.0,300112
460,2012-07-27,4.483,4.509,4.555,4.45,8624.0,300112
461,2012-07-30,4.509,4.312,4.555,4.312,8841.0,300112
462,2012-07-31,4.306,4.141,4.319,4.141,8154.0,300112
463,2012-08-01,4.181,4.22,4.26,4.141,6276.0,300112
464,2012-08-02,4.201,4.181,4.233,4.168,3343.0,300112
465,2012-08-03,4.187,4.319,4.325,4.168,6583.0,300112
466,2012-08-06,4.279,4.43,4.45,4.22,8452.0,300112
467,2012-08-07,4.417,4.463,4.502,4.411,9958.0,300112
468,2012-08-08,4.45,4.437,4.489,4.411,6677.0,300112
469,2012-08-09,4.424,4.555,4.562,4.411,13465.0,300112
470,2012-08-10,4.529,4.496,4.555,4.463,8565.0,300112
471,2012-08-13,4.476,4.358,4.476,4.352,10581.0,300112
472,2012-08-14,4.345,4.47,4.476,4.306,8630.0,300112
473,2012-08-15,4.43,4.417,4.463,4.397,7424.0,300112
474,2012-08-16,4.463,4.43,4.634,4.417,18460.0,300112
475,2012-08-17,4.417,4.404,4.437,4.352,9035.0,300112
476,2012-08-20,4.332,4.391,4.411,4.319,8345.0,300112
477,2012-08-21,4.43,4.489,4.529,4.391,16401.0,300112
478,2012-08-22,4.483,4.483,4.548,4.43,14424.0,300112
479,2012-08-23,4.489,4.719,4.791,4.489,35219.0,300112
480,2012-08-24,4.673,4.522,4.719,4.496,23447.0,300112
481,2012-08-27,4.509,4.443,4.516,4.417,9138.0,300112
482,2012-08-28,4.43,4.529,4.581,4.43,9475.0,300112
483,2012-08-29,4.529,4.607,4.66,4.463,16809.0,300112
484,2012-08-30,4.627,4.496,4.627,4.306,12580.0,300112
485,2012-08-31,4.332,4.496,4.509,4.332,6557.0,300112
486,2012-09-03,4.45,4.588,4.607,4.45,11501.0,300112
487,2012-09-04,4.607,4.581,4.653,4.535,11955.0,300112
488,2012-09-05,4.575,4.712,4.804,4.548,32405.0,300112
489,2012-09-06,4.712,4.765,4.817,4.667,18181.0,300112
490,2012-09-07,4.791,4.824,4.962,4.758,31655.0,300112
491,2012-09-10,4.804,4.87,4.949,4.791,23147.0,300112
492,2012-09-11,4.863,4.785,4.863,4.765,15685.0,300112
493,2012-09-12,4.804,4.85,4.877,4.772,15497.0,300112
494,2012-09-13,4.857,4.745,4.896,4.726,12118.0,300112
495,2012-09-14,4.785,4.785,4.811,4.686,12897.0,300112
496,2012-09-17,4.785,4.64,4.791,4.64,12512.0,300112
497,2012-09-18,4.647,4.634,4.699,4.601,5484.0,300112
498,2012-09-19,4.647,4.706,4.719,4.621,4537.0,300112
499,2012-09-20,4.693,4.535,4.765,4.483,8072.0,300112
500,2012-09-21,4.555,4.542,4.621,4.496,5264.0,300112
501,2012-09-24,4.496,4.529,4.581,4.443,5849.0,300112
502,2012-09-25,4.509,4.47,4.562,4.43,3776.0,300112
503,2012-09-26,4.437,4.319,4.463,4.299,4917.0,300112
504,2012-09-27,4.332,4.424,4.476,4.325,4841.0,300112
505,2012-09-28,4.404,4.516,4.542,4.404,4514.0,300112
506,2012-10-08,4.529,4.476,4.535,4.391,3784.0,300112
507,2012-10-09,4.542,4.601,4.607,4.489,7460.0,300112
508,2012-10-10,4.555,4.699,4.765,4.555,10959.0,300112
509,2012-10-11,4.686,4.562,4.686,4.548,5422.0,300112
510,2012-10-12,4.614,4.575,4.667,4.509,5604.0,300112
511,2012-10-15,4.529,4.502,4.562,4.437,4344.0,300112
512,2012-10-16,4.516,4.522,4.562,4.463,3122.0,300112
513,2012-10-17,4.555,4.568,4.581,4.483,4721.0,300112
514,2012-10-18,4.562,4.686,4.686,4.562,9995.0,300112
515,2012-10-19,4.706,4.673,4.706,4.627,3919.0,300112
516,2012-10-22,4.686,4.673,4.699,4.634,3980.0,300112
517,2012-10-23,4.706,4.673,4.719,4.66,6213.0,300112
518,2012-10-24,4.647,4.647,4.739,4.627,4737.0,300112
519,2012-10-25,4.647,4.588,4.706,4.581,5960.0,300112
520,2012-10-26,4.575,4.489,4.588,4.443,5150.0,300112
521,2012-10-29,4.45,4.45,4.496,4.43,2376.0,300112
522,2012-10-30,4.463,4.457,4.489,4.443,2505.0,300112
523,2012-10-31,4.47,4.496,4.496,4.411,2685.0,300112
524,2012-11-01,4.496,4.562,4.588,4.476,4201.0,300112
525,2012-11-02,4.562,4.581,4.601,4.529,2962.0,300112
526,2012-11-05,4.568,4.555,4.588,4.529,3052.0,300112
527,2012-11-06,4.562,4.502,4.594,4.45,4325.0,300112
528,2012-11-07,4.463,4.509,4.529,4.463,2120.0,300112
529,2012-11-08,4.47,4.397,4.496,4.384,3266.0,300112
530,2012-11-09,4.417,4.411,4.548,4.371,2604.0,300112
531,2012-11-12,4.581,4.85,4.85,4.581,45294.0,300112
532,2012-11-13,4.995,5.1,5.336,4.857,125968.0,300112
533,2012-11-14,5.001,4.982,5.106,4.798,77194.0,300112
534,2012-11-15,4.877,4.758,5.211,4.712,63905.0,300112
535,2012-11-16,4.758,4.516,4.791,4.43,47518.0,300112
536,2012-11-19,4.463,4.548,4.568,4.345,32282.0,300112
537,2012-11-20,4.516,5.001,5.001,4.496,79218.0,300112
538,2012-11-21,5.054,5.041,5.251,4.857,92248.0,300112
539,2012-11-22,5.028,5.178,5.349,4.936,81885.0,300112
540,2012-11-23,5.087,4.909,5.205,4.909,59424.0,300112
541,2012-11-26,4.726,4.785,4.89,4.712,32252.0,300112
542,2012-11-27,4.739,4.982,5.224,4.726,88910.0,300112
543,2012-11-28,4.594,4.745,4.758,4.483,56391.0,300112
544,2012-11-29,4.673,5.106,5.218,4.66,108930.0,300112
545,2012-11-30,5.008,5.231,5.369,5.008,108311.0,300112
546,2012-12-03,5.133,5.198,5.375,5.001,82942.0,300112
547,2012-12-04,5.139,5.277,5.454,4.955,100833.0,300112
548,2012-12-05,5.185,5.428,5.697,5.067,116092.0,300112
549,2012-12-06,5.369,5.244,5.566,5.244,80618.0,300112
550,2012-12-07,5.185,5.461,5.546,5.152,77445.0,300112
551,2012-12-10,5.428,6.005,6.005,5.336,93643.0,300112
552,2012-12-11,6.019,5.69,6.019,5.625,90122.0,300112
553,2012-12-12,5.69,5.749,5.809,5.5,66584.0,300112
554,2012-12-13,5.664,5.5,5.736,5.5,44880.0,300112
555,2012-12-14,5.448,5.644,5.828,5.434,58201.0,300112
556,2012-12-17,5.697,5.599,5.697,5.421,53058.0,300112
557,2012-12-18,5.513,5.421,5.677,5.375,45111.0,300112
558,2012-12-19,5.474,5.5,5.592,5.369,37702.0,300112
559,2012-12-20,5.441,5.592,5.605,5.395,36204.0,300112
560,2012-12-21,5.592,5.494,5.618,5.415,34366.0,300112
561,2012-12-24,5.494,5.579,5.697,5.454,38537.0,300112
562,2012-12-25,5.566,5.684,5.749,5.526,58586.0,300112
563,2012-12-26,5.717,5.736,5.769,5.618,46160.0,300112
564,2012-12-27,5.736,5.448,5.743,5.448,50435.0,300112
565,2012-12-28,5.421,5.343,5.441,5.192,50764.0,300112
566,2012-12-31,5.336,5.31,5.362,5.257,27347.0,300112
567,2013-01-04,5.356,5.415,5.48,5.323,36712.0,300112
568,2013-01-07,5.415,5.513,5.631,5.388,34499.0,300112
569,2013-01-08,5.513,5.644,5.71,5.467,50141.0,300112
570,2013-01-09,5.605,5.579,5.861,5.52,56345.0,300112
571,2013-01-10,5.572,5.507,5.704,5.467,35056.0,300112
572,2013-01-11,5.48,5.356,5.546,5.316,28995.0,300112
573,2013-01-14,5.362,5.579,5.605,5.316,37271.0,300112
574,2013-01-15,5.572,5.69,5.835,5.546,52842.0,300112
575,2013-01-16,5.651,5.618,5.684,5.513,33482.0,300112
576,2013-01-17,5.599,5.822,6.012,5.579,73239.0,300112
577,2013-01-18,5.815,6.097,6.281,5.776,71775.0,300112
578,2013-01-21,6.032,6.012,6.084,5.874,47738.0,300112
579,2013-01-22,5.999,5.743,6.038,5.658,39714.0,300112
580,2013-01-23,5.71,5.756,5.809,5.605,22199.0,300112
581,2013-01-24,5.743,5.428,5.795,5.408,35371.0,300112
582,2013-01-25,5.448,5.382,5.533,5.329,14517.0,300112
583,2013-01-28,5.336,5.507,5.546,5.336,13900.0,300112
584,2013-01-29,5.474,5.572,5.592,5.474,16069.0,300112
585,2013-01-30,5.559,5.474,5.566,5.415,15036.0,300112
586,2013-01-31,5.48,5.467,5.494,5.402,11252.0,300112
587,2013-02-01,5.448,5.448,5.513,5.402,14204.0,300112
588,2013-02-04,5.48,5.605,5.664,5.415,22106.0,300112
589,2013-02-05,5.579,5.52,5.579,5.434,13723.0,300112
590,2013-02-06,5.487,5.513,5.559,5.48,10246.0,300112
591,2013-02-07,5.513,5.546,5.572,5.415,12175.0,300112
592,2013-02-08,5.546,5.599,5.631,5.513,14628.0,300112
593,2013-02-18,5.618,5.71,5.841,5.533,25977.0,300112
594,2013-02-19,5.697,5.756,5.874,5.671,32495.0,300112
595,2013-02-20,5.828,5.802,5.828,5.677,21148.0,300112
596,2013-02-21,5.769,5.526,5.769,5.52,21304.0,300112
597,2013-02-22,5.48,5.421,5.566,5.421,16760.0,300112
598,2013-02-25,5.461,5.52,5.546,5.415,12636.0,300112
599,2013-02-26,5.52,5.375,5.553,5.369,13069.0,300112
600,2013-02-27,5.375,5.31,5.448,5.251,16814.0,300112
601,2013-02-28,5.336,5.644,5.815,5.264,32037.0,300112
602,2013-03-01,5.572,5.71,5.776,5.559,32149.0,300112
603,2013-03-04,5.612,5.421,5.69,5.382,20803.0,300112
604,2013-03-05,5.415,5.671,5.704,5.388,19645.0,300112
605,2013-03-06,5.671,5.776,5.809,5.644,30831.0,300112
606,2013-03-07,5.776,5.631,5.822,5.513,24987.0,300112
607,2013-03-08,5.585,5.894,6.012,5.585,47573.0,300112
608,2013-03-11,5.809,5.9,5.933,5.763,27660.0,300112
609,2013-03-12,5.841,5.618,5.894,5.454,33377.0,300112
610,2013-03-13,5.579,5.487,5.618,5.428,19118.0,300112
611,2013-03-14,5.487,5.415,5.559,5.395,13034.0,300112
612,2013-03-15,5.428,5.421,5.546,5.336,12490.0,300112
613,2013-03-18,5.395,5.415,5.48,5.375,8307.0,300112
614,2013-03-19,5.428,5.494,5.52,5.395,8648.0,300112
615,2013-03-20,5.526,5.631,5.671,5.448,14156.0,300112
616,2013-03-21,5.631,5.664,5.723,5.585,17021.0,300112
617,2013-03-22,5.644,5.651,5.69,5.553,11245.0,300112
618,2013-03-25,5.631,5.73,5.776,5.605,18677.0,300112
619,2013-03-26,5.677,5.546,5.723,5.487,13802.0,300112
620,2013-03-27,5.553,5.553,5.612,5.5,7021.0,300112
621,2013-03-28,5.553,5.316,5.553,5.316,12057.0,300112
622,2013-03-29,5.323,5.349,5.395,5.316,5616.0,300112
623,2013-04-01,5.349,5.375,5.454,5.349,4874.0,300112
624,2013-04-02,5.382,5.27,5.421,5.251,7425.0,300112
625,2013-04-03,5.251,4.982,5.297,4.936,14441.0,300112
626,2013-04-08,4.988,5.034,5.034,4.811,6408.0,300112
627,2013-04-09,5.021,5.014,5.08,4.975,7532.0,300112
628,2013-04-10,4.988,4.955,5.028,4.896,5593.0,300112
629,2013-04-11,4.975,4.988,5.093,4.955,7524.0,300112
630,2013-04-12,4.995,4.923,4.995,4.916,4997.0,300112
631,2013-04-15,4.909,4.811,4.949,4.758,5413.0,300112
632,2013-04-16,4.726,4.87,4.877,4.693,3257.0,300112
633,2013-04-17,4.87,4.857,4.903,4.765,7293.0,300112
634,2013-04-18,4.791,4.877,4.89,4.772,4873.0,300112
635,2013-04-19,4.903,4.955,5.008,4.877,10376.0,300112
636,2013-04-22,4.923,4.982,5.014,4.903,8210.0,300112
637,2013-04-23,4.982,4.739,5.001,4.719,10318.0,300112
638,2013-04-24,4.758,4.811,4.85,4.712,7717.0,300112
639,2013-04-25,4.804,4.765,4.85,4.745,5413.0,300112
640,2013-04-26,4.765,4.588,4.765,4.588,5469.0,300112
641,2013-05-02,4.601,4.601,4.627,4.562,5402.0,300112
642,2013-05-03,4.634,4.726,4.745,4.607,6085.0,300112
643,2013-05-06,4.726,4.804,4.811,4.726,7635.0,300112
644,2013-05-07,4.804,4.798,4.831,4.772,6551.0,300112
645,2013-05-08,4.817,4.87,4.916,4.804,7650.0,300112
646,2013-05-09,4.87,4.89,4.949,4.844,8601.0,300112
647,2013-05-10,4.896,4.988,5.034,4.89,16737.0,300112
648,2013-05-13,5.001,5.021,5.041,4.923,9397.0,300112
649,2013-05-14,5.014,5.073,5.087,4.896,16486.0,300112
650,2013-05-15,5.316,5.579,5.579,5.316,75058.0,300112
651,2013-05-16,5.513,5.743,6.137,5.461,117221.0,300112
652,2013-05-17,5.723,5.625,5.763,5.52,66270.0,300112
653,2013-05-20,5.612,5.684,5.743,5.612,46844.0,300112
654,2013-05-21,5.644,5.848,5.881,5.644,49774.0,300112
655,2013-05-22,5.776,5.579,5.835,5.5,39369.0,300112
656,2013-05-23,5.513,5.559,5.658,5.48,25855.0,300112
657,2013-05-24,5.546,5.763,5.829,5.539,38138.0,300112
658,2013-05-27,5.704,5.79,5.829,5.691,29978.0,300112
659,2013-05-28,5.744,5.546,5.79,5.539,28068.0,300112
660,2013-05-29,5.559,5.618,5.697,5.552,16976.0,300112
661,2013-05-30,5.625,5.678,5.697,5.579,21136.0,300112
662,2013-05-31,5.665,5.572,5.697,5.572,18293.0,300112
663,2013-06-03,5.539,5.467,5.632,5.46,17742.0,300112
664,2013-06-04,5.473,5.196,5.493,5.177,22346.0,300112
665,2013-06-05,5.19,5.223,5.236,5.15,12464.0,300112
666,2013-06-06,5.196,5.104,5.223,5.078,10417.0,300112
667,2013-06-07,5.104,5.012,5.157,4.985,11312.0,300112
668,2013-06-13,4.999,4.86,4.999,4.748,9984.0,300112
669,2013-06-14,4.873,5.012,5.025,4.86,12721.0,300112
670,2013-06-17,5.051,4.972,5.117,4.893,13575.0,300112
671,2013-06-18,4.999,4.999,5.018,4.827,11975.0,300112
672,2013-06-19,4.985,4.966,4.985,4.853,9239.0,300112
673,2013-06-20,4.933,4.794,4.999,4.787,9506.0,300112
674,2013-06-21,4.755,4.834,4.847,4.662,9013.0,300112
675,2013-06-24,4.761,4.55,4.827,4.55,12486.0,300112
676,2013-06-25,4.484,4.55,4.636,4.24,14839.0,300112
677,2013-06-26,4.583,4.689,4.761,4.491,12411.0,300112
678,2013-06-27,4.689,4.55,4.781,4.55,11975.0,300112
679,2013-06-28,4.511,4.55,4.682,4.471,6534.0,300112
680,2013-07-01,4.497,4.649,4.662,4.497,6263.0,300112
681,2013-07-02,4.649,4.814,4.933,4.616,19134.0,300112
682,2013-07-03,4.801,4.827,4.834,4.669,12934.0,300112
683,2013-07-04,4.761,4.86,4.946,4.761,12866.0,300112
684,2013-07-05,4.827,4.847,4.926,4.807,10928.0,300112
685,2013-07-08,4.781,4.53,4.781,4.53,9727.0,300112
686,2013-07-09,4.524,4.59,4.603,4.497,5068.0,300112
687,2013-07-10,4.458,4.695,4.708,4.458,6913.0,300112
688,2013-07-11,4.675,4.794,4.84,4.675,11365.0,300112
689,2013-07-12,4.801,4.814,4.9,4.748,10568.0,300112
690,2013-07-15,4.906,5.045,5.104,4.886,22757.0,300112
691,2013-07-16,5.078,5.15,5.177,4.966,25156.0,300112
692,2013-07-17,5.097,4.999,5.177,4.999,19505.0,300112
693,2013-07-18,4.985,5.5,5.5,4.952,37401.0,300112
694,2013-07-19,5.592,5.335,5.737,5.282,75617.0,300112
695,2013-07-22,5.19,5.678,5.783,5.124,52585.0,300112
696,2013-07-23,5.612,5.684,5.717,5.513,41566.0,300112
697,2013-07-24,5.638,5.697,5.763,5.533,35281.0,300112
698,2013-07-25,5.658,5.315,5.665,5.315,31592.0,300112
699,2013-07-26,5.295,5.414,5.46,5.177,18514.0,300112
700,2013-07-29,5.394,5.355,5.552,5.282,16076.0,300112
701,2013-07-30,5.335,5.282,5.368,5.078,16187.0,300112
702,2013-07-31,5.216,5.308,5.434,5.216,14956.0,300112
703,2013-08-01,5.282,5.552,5.579,5.282,24227.0,300112
704,2013-08-02,5.539,6.106,6.106,5.506,61347.0,300112
705,2013-08-05,6.001,5.988,6.113,5.876,69398.0,300112
706,2013-08-06,6.087,6.06,6.166,5.955,56704.0,300112
707,2013-08-07,6.12,5.757,6.12,5.651,56429.0,300112
708,2013-08-08,5.73,5.823,5.948,5.697,41702.0,300112
709,2013-08-09,5.856,6.067,6.377,5.645,84789.0,300112
710,2013-08-12,6.001,5.988,6.185,5.836,56308.0,300112
711,2013-08-13,5.928,5.961,6.1,5.876,32507.0,300112
712,2013-08-14,5.955,5.823,6.001,5.744,26757.0,300112
713,2013-08-15,5.757,5.928,6.06,5.757,37585.0,300112
714,2013-08-16,5.823,5.473,5.974,5.473,42144.0,300112
715,2013-08-19,5.46,5.605,5.612,5.381,23682.0,300112
716,2013-08-20,5.559,5.592,5.697,5.506,25838.0,300112
717,2013-08-21,5.605,5.704,5.783,5.546,28694.0,300112
718,2013-08-22,5.638,5.856,5.922,5.625,36550.0,300112
719,2013-08-23,5.882,5.75,5.902,5.592,29754.0,300112
720,2013-08-26,5.717,5.73,5.796,5.625,32141.0,300112
721,2013-08-27,5.724,5.678,5.724,5.539,35936.0,300112
722,2013-08-28,5.625,5.665,5.678,5.552,35612.0,300112
723,2013-08-29,5.935,5.678,5.968,5.651,48139.0,300112
724,2013-08-30,5.678,5.368,5.73,5.315,36946.0,300112
725,2013-09-02,5.282,5.368,5.421,5.269,21625.0,300112
726,2013-09-03,5.361,5.421,5.46,5.315,20106.0,300112
727,2013-09-04,5.421,5.302,5.421,5.275,29072.0,300112
728,2013-09-05,5.282,5.394,5.427,5.282,21844.0,300112
729,2013-09-06,5.374,5.394,5.421,5.315,18649.0,300112
730,2013-09-09,5.388,5.506,5.519,5.388,27739.0,300112
731,2013-09-10,5.473,5.46,5.519,5.414,19536.0,300112
732,2013-09-11,5.46,5.269,5.473,5.249,21426.0,300112
733,2013-09-12,5.282,5.302,5.368,5.242,12183.0,300112
734,2013-09-13,5.302,5.421,5.46,5.295,14987.0,300112
735,2013-09-16,5.427,5.467,5.486,5.381,16709.0,300112
736,2013-09-17,5.46,5.282,5.467,5.282,10139.0,300112
737,2013-09-18,5.275,5.414,5.434,5.275,9625.0,300112
738,2013-09-23,5.414,5.519,5.519,5.407,28540.0,300112
739,2013-09-24,5.473,5.407,5.506,5.361,25090.0,300112
740,2013-09-25,5.407,5.322,5.407,5.295,24429.0,300112
741,2013-09-26,5.322,5.454,5.579,5.322,47000.0,300112
742,2013-09-27,5.493,5.473,5.552,5.407,25472.0,300112
743,2013-09-30,5.473,5.618,5.671,5.427,31238.0,300112
744,2013-10-08,5.592,5.717,5.77,5.519,27392.0,300112
745,2013-10-09,5.665,5.704,5.711,5.625,23645.0,300112
746,2013-10-10,5.684,5.585,5.757,5.539,25669.0,300112
747,2013-10-11,5.612,5.691,5.697,5.546,20706.0,300112
748,2013-10-14,5.737,5.803,5.902,5.724,36482.0,300112
749,2013-10-15,5.803,5.691,5.829,5.625,24542.0,300112
750,2013-10-16,5.697,5.493,5.697,5.473,19284.0,300112
751,2013-10-17,5.526,5.697,5.849,5.513,29793.0,300112
752,2013-10-18,5.651,5.79,5.81,5.645,30429.0,300112
753,2013-10-21,5.803,5.968,6.034,5.803,54539.0,300112
754,2013-10-22,5.922,5.935,5.981,5.796,37066.0,300112
755,2013-10-23,5.928,5.671,5.935,5.612,31237.0,300112
756,2013-10-24,5.658,6.007,6.225,5.618,71970.0,300112
757,2013-10-25,5.935,5.876,6.12,5.763,45771.0,300112
758,2013-10-28,5.849,5.737,5.895,5.645,30537.0,300112
759,2013-10-29,5.737,6.311,6.311,5.697,167166.0,300112
760,2013-10-30,6.271,6.476,6.66,6.185,152990.0,300112
761,2013-10-31,6.39,6.245,6.786,6.218,108631.0,300112
762,2013-11-01,6.054,5.618,6.133,5.618,121672.0,300112
763,2013-11-04,5.486,5.519,5.572,5.328,54385.0,300112
764,2013-11-05,5.486,5.638,5.651,5.421,41615.0,300112
765,2013-11-06,5.599,5.836,6.113,5.526,79591.0,300112
766,2013-11-07,5.744,5.651,5.843,5.612,42214.0,300112
767,2013-11-08,5.612,5.46,5.625,5.434,31725.0,300112
768,2013-11-11,5.401,5.566,5.605,5.388,19750.0,300112
769,2013-11-12,5.579,5.592,5.618,5.381,26812.0,300112
770,2013-11-13,5.566,5.407,5.585,5.407,23299.0,300112
771,2013-11-14,5.394,5.572,5.592,5.308,29615.0,300112
772,2013-11-15,5.546,5.645,5.73,5.506,35939.0,300112
773,2013-11-18,5.671,5.895,5.935,5.632,51064.0,300112
774,2013-11-19,5.869,5.928,5.981,5.816,37807.0,300112
775,2013-11-20,5.869,5.994,6.06,5.849,44127.0,300112
776,2013-11-21,5.948,6.001,6.054,5.882,40371.0,300112
777,2013-11-22,5.941,6.067,6.12,5.889,49949.0,300112
778,2013-11-25,6.054,6.153,6.258,5.948,55952.0,300112
779,2013-11-26,6.133,6.067,6.146,5.968,47584.0,300112
780,2013-11-27,6.06,6.251,6.291,6.027,64370.0,300112
781,2013-11-28,6.298,6.166,6.317,6.139,60607.0,300112
782,2013-11-29,6.172,6.786,6.786,6.172,83367.0,300112
783,2013-12-02,6.594,6.601,7.155,6.462,197103.0,300112
784,2013-12-03,6.462,6.865,6.964,5.941,141341.0,300112
785,2013-12-04,6.627,7.168,7.55,6.627,185884.0,300112
786,2013-12-05,7.089,6.786,7.478,6.786,129149.0,300112
787,2013-12-06,6.594,6.601,6.871,6.364,73195.0,300112
788,2013-12-09,6.621,6.706,6.766,6.495,51324.0,300112
789,2013-12-10,6.667,6.396,6.706,6.337,63845.0,300112
790,2013-12-11,6.364,6.324,6.515,6.251,48192.0,300112
791,2013-12-12,6.304,6.396,6.482,6.251,33592.0,300112
792,2013-12-13,6.291,6.502,6.555,6.291,41675.0,300112
793,2013-12-16,6.482,6.311,6.713,6.284,45574.0,300112
794,2013-12-17,6.271,6.396,6.489,6.225,29931.0,300112
795,2013-12-18,6.396,6.858,7.036,6.357,93695.0,300112
796,2013-12-19,6.759,6.845,6.937,6.621,68731.0,300112
797,2013-12-20,6.805,6.673,7.003,6.66,50950.0,300112
798,2013-12-23,6.594,6.205,6.594,6.06,45900.0,300112
799,2013-12-24,6.166,6.825,6.825,6.166,62025.0,300112
800,2013-12-25,7.221,7.511,7.511,7.221,117243.0,300112
801,2013-12-26,7.511,8.012,8.263,7.432,282541.0,300112
802,2013-12-27,7.874,8.817,8.817,7.874,221721.0,300112
803,2013-12-30,9.166,9.7,9.7,8.995,168569.0,300112
804,2013-12-31,9.891,10.063,10.67,9.305,271410.0,300112
805,2014-01-02,9.45,10.426,11.026,9.45,229893.0,300112
806,2014-01-03,10.274,9.924,10.98,9.878,229717.0,300112
807,2014-01-06,9.845,9.799,10.142,9.45,180033.0,300112
808,2014-01-07,9.634,9.839,9.905,9.371,148527.0,300112
809,2014-01-08,9.713,9.898,10.201,9.608,200395.0,300112
810,2014-01-09,9.628,8.955,9.694,8.909,229569.0,300112
811,2014-01-10,8.955,8.744,9.08,8.606,134607.0,300112
812,2014-01-13,8.803,8.922,8.948,8.724,102340.0,300112
813,2014-01-14,8.981,9.562,9.727,8.81,224574.0,300112
814,2014-01-15,9.377,9.206,9.463,9.12,152992.0,300112
815,2014-01-16,9.252,9.891,10.129,9.232,236566.0,300112
816,2014-01-17,9.496,9.641,10.076,9.384,151266.0,300112
817,2014-01-20,9.614,8.737,9.819,8.678,146221.0,300112
818,2014-01-21,8.929,9.614,9.614,8.757,151534.0,300112
819,2014-01-22,9.793,9.905,10.056,9.43,192774.0,300112
820,2014-01-23,9.793,10.089,10.544,9.628,168238.0,300112
821,2014-01-24,9.957,10.096,10.505,9.786,128280.0,300112
822,2014-01-27,9.911,10.089,10.531,9.68,134071.0,300112
823,2014-01-28,10.037,10.815,11.045,10.03,173949.0,300112
824,2014-01-29,10.59,10.452,10.795,10.155,139547.0,300112
825,2014-01-30,10.399,9.812,10.399,9.575,111779.0,300112
826,2014-02-07,9.687,10.037,10.142,9.595,76525.0,300112
827,2014-02-10,10.096,10.478,10.676,9.852,126385.0,300112
828,2014-02-11,10.419,10.254,10.854,9.944,127768.0,300112
829,2014-02-12,10.188,10.584,10.736,9.924,137395.0,300112
830,2014-02-13,10.432,9.766,10.544,9.674,125151.0,300112
831,2014-02-14,9.819,9.74,9.931,9.509,70733.0,300112
832,2014-02-17,9.74,10.221,10.34,9.575,100441.0,300112
833,2014-02-18,10.122,10.313,10.426,10.056,94317.0,300112
834,2014-02-19,10.313,10.801,10.801,10.023,162546.0,300112
835,2014-02-20,10.986,11.21,11.791,10.861,214059.0,300112
836,2014-02-21,10.551,11.408,11.5,10.208,150890.0,300112
837,2014-02-24,11.276,11.56,11.936,10.986,146917.0,300112
838,2014-02-25,11.382,10.406,11.553,10.406,145106.0,300112
839,2014-02-26,9.971,9.647,10.03,9.397,98804.0,300112
840,2014-02-27,9.753,9.232,9.957,8.988,93859.0,300112
841,2014-02-28,9.252,9.384,9.436,8.942,54966.0,300112
842,2014-03-03,9.364,9.483,9.529,9.166,57342.0,300112
843,2014-03-04,9.43,9.502,9.766,9.186,61836.0,300112
844,2014-03-05,9.562,9.502,9.661,9.41,45859.0,300112
845,2014-03-06,9.496,9.311,9.496,9.14,44977.0,300112
846,2014-03-07,9.173,9.094,9.463,9.061,49565.0,300112
847,2014-03-10,9.113,8.256,9.113,8.203,58405.0,300112
848,2014-03-11,8.282,8.362,8.526,8.157,34653.0,300112
849,2014-03-12,8.243,8.467,8.546,8.098,33454.0,300112
850,2014-03-13,8.381,8.54,8.606,8.381,24366.0,300112
851,2014-03-14,8.428,8.553,8.737,8.395,30786.0,300112
852,2014-03-17,8.553,8.955,9.034,8.507,43985.0,300112
853,2014-03-18,8.962,8.922,9.1,8.863,33461.0,300112
854,2014-03-19,8.896,8.863,8.955,8.711,22775.0,300112
855,2014-03-20,8.902,8.348,8.902,8.342,31101.0,300112
856,2014-03-21,8.348,8.665,8.665,8.184,27011.0,300112
857,2014-03-24,8.935,8.79,9.206,8.737,96187.0,300112
858,2014-03-25,8.718,8.256,8.718,8.019,59778.0,300112
859,2014-03-26,8.223,8.474,8.493,8.157,40019.0,300112
860,2014-03-27,8.441,8.17,8.493,8.098,54622.0,300112
861,2014-03-28,8.236,7.986,8.309,7.847,51362.0,300112
862,2014-03-31,7.986,7.867,8.052,7.775,28453.0,300112
863,2014-04-01,7.913,8.065,8.078,7.827,25517.0,300112
864,2014-04-02,8.078,7.973,8.111,7.867,24669.0,300112
865,2014-04-03,7.913,8.164,8.223,7.847,37335.0,300112
866,2014-04-04,8.276,8.368,8.737,8.243,100290.0,300112
867,2014-04-08,8.137,8.493,8.665,8.052,86718.0,300112
868,2014-04-09,8.441,8.579,8.777,8.408,75754.0,300112
869,2014-04-10,8.566,8.454,8.619,8.441,44479.0,300112
870,2014-04-11,8.322,8.197,8.329,8.184,34460.0,300112
871,2014-04-14,8.157,8.381,8.388,8.157,24189.0,300112
872,2014-04-15,8.348,8.375,8.632,8.302,55152.0,300112
873,2014-04-16,8.309,8.276,8.414,8.184,25125.0,300112
874,2014-04-17,8.302,8.329,8.46,8.302,20195.0,300112
875,2014-04-18,8.302,8.447,8.559,8.21,32711.0,300112
876,2014-04-21,8.395,8.184,8.546,8.144,31338.0,300112
877,2014-04-22,8.19,7.992,8.329,7.834,26502.0,300112
878,2014-04-23,7.92,7.893,8.025,7.86,14454.0,300112
879,2014-04-24,7.94,7.485,7.94,7.386,39232.0,300112
880,2014-04-25,7.491,7.247,7.623,7.241,22081.0,300112
881,2014-04-28,7.122,6.944,7.188,6.884,22603.0,300112
882,2014-04-29,6.944,7.115,7.122,6.937,17286.0,300112
883,2014-04-30,7.161,7.181,7.234,7.089,15906.0,300112
884,2014-05-05,7.188,7.287,7.313,7.155,15229.0,300112
885,2014-05-06,7.287,7.504,7.544,7.26,32690.0,300112
886,2014-05-07,7.452,7.247,7.471,7.227,21272.0,300112
887,2014-05-08,7.274,7.438,7.616,7.274,30838.0,300112
888,2014-05-09,7.392,7.254,7.452,7.155,17970.0,300112
889,2014-05-12,7.326,7.504,7.55,7.32,23681.0,300112
890,2014-05-13,7.465,7.524,7.682,7.458,17743.0,300112
891,2014-05-14,7.531,7.518,7.583,7.465,14522.0,300112
892,2014-05-15,7.537,7.358,7.716,7.328,42433.0,300112
893,2014-05-16,7.318,7.06,7.447,7.06,44063.0,300112
894,2014-05-19,7.268,7.447,7.766,7.268,118291.0,300112
895,2014-05-20,7.239,7.328,7.497,7.199,69327.0,300112
896,2014-05-21,7.278,7.497,7.527,7.139,59288.0,300112
897,2014-05-22,7.428,7.447,7.616,7.428,65588.0,300112
898,2014-05-23,7.457,7.686,7.726,7.388,53517.0,300112
899,2014-05-26,7.656,7.915,7.994,7.557,87568.0,300112
900,2014-05-27,7.855,7.994,8.014,7.746,77687.0,300112
901,2014-05-28,7.945,8.054,8.153,7.835,88993.0,300112
902,2014-05-29,8.004,7.825,8.064,7.756,56362.0,300112
903,2014-05-30,7.805,7.915,8.104,7.786,64107.0,300112
904,2014-06-03,7.895,7.795,8.064,7.776,39921.0,300112
905,2014-06-04,7.746,7.626,7.786,7.517,35555.0,300112
906,2014-06-05,7.626,7.885,7.885,7.597,42986.0,300112
907,2014-06-06,7.855,8.074,8.203,7.855,106216.0,300112
908,2014-06-09,8.034,7.945,8.183,7.915,59524.0,300112
909,2014-06-10,7.915,8.153,8.153,7.825,59088.0,300112
910,2014-06-11,8.084,8.969,8.969,8.064,141888.0,300112
911,2014-06-12,9.327,9.864,9.864,9.158,412434.0,300112
912,2014-06-17,9.406,9.327,9.565,9.227,292676.0,300112
913,2014-06-18,9.237,8.849,9.297,8.8,207083.0,300112
914,2014-06-19,8.83,8.372,9.068,8.223,178855.0,300112
915,2014-06-20,8.402,8.651,8.72,8.203,133152.0,300112
916,2014-06-23,8.601,8.69,8.859,8.501,124045.0,300112
917,2014-06-24,8.67,8.879,9.128,8.631,127899.0,300112
918,2014-06-25,8.849,8.7,8.869,8.531,92860.0,300112
919,2014-06-26,8.66,9.009,9.048,8.631,113979.0,300112
920,2014-06-27,8.969,9.009,9.148,8.839,114020.0,300112
921,2014-06-30,8.949,9.108,9.237,8.849,98254.0,300112
922,2014-07-01,9.088,9.158,9.197,8.939,99459.0,300112
923,2014-07-02,9.128,9.406,9.496,9.028,159808.0,300112
924,2014-07-03,9.287,9.247,9.376,9.178,94137.0,300112
925,2014-07-04,9.197,9.247,9.436,9.138,76895.0,300112
926,2014-07-07,9.217,9.078,9.277,8.959,68585.0,300112
927,2014-07-08,9.058,9.267,9.267,8.989,60826.0,300112
928,2014-07-09,9.207,8.889,9.337,8.879,88727.0,300112
929,2014-07-10,8.83,8.879,9.018,8.75,45867.0,300112
930,2014-07-11,8.879,8.999,8.999,8.83,33995.0,300112
931,2014-07-14,9.009,9.227,9.237,8.929,52926.0,300112
932,2014-07-15,9.158,8.949,9.237,8.839,59551.0,300112
933,2014-07-16,8.929,8.959,9.128,8.849,35708.0,300112
934,2014-07-17,8.929,8.621,8.959,8.541,47120.0,300112
935,2014-07-18,8.581,8.501,8.66,8.472,32123.0,300112
936,2014-07-21,8.491,8.362,8.581,8.213,37086.0,300112
937,2014-07-22,8.362,8.571,8.611,8.273,29182.0,300112
938,2014-07-23,8.581,8.253,8.581,8.213,31452.0,300112
939,2014-07-24,8.233,8.004,8.332,7.905,40436.0,300112
940,2014-07-25,8.034,8.114,8.163,7.984,26436.0,300112
941,2014-07-28,8.114,8.372,8.412,8.114,31897.0,300112
942,2014-07-29,8.332,8.491,8.531,8.312,33484.0,300112
943,2014-07-30,8.72,8.74,8.929,8.611,62140.0,300112
944,2014-07-31,8.581,8.83,8.869,8.581,44324.0,300112
945,2014-08-01,8.8,8.8,9.038,8.72,64677.0,300112
946,2014-08-04,8.75,8.879,8.919,8.75,39464.0,300112
947,2014-08-05,8.83,9.038,9.128,8.641,89569.0,300112
948,2014-08-06,9.028,8.959,9.048,8.909,45623.0,300112
949,2014-08-07,8.979,8.77,9.009,8.72,47678.0,300112
950,2014-08-08,8.79,8.969,8.989,8.79,34308.0,300112
951,2014-08-11,8.989,9.028,9.058,8.859,48620.0,300112
952,2014-08-12,9.028,9.018,9.108,8.959,57106.0,300112
953,2014-08-13,8.999,9.277,9.287,8.75,103647.0,300112
954,2014-08-14,9.197,9.516,9.794,9.178,172861.0,300112
955,2014-08-15,9.476,9.486,9.575,9.297,82951.0,300112
956,2014-08-18,9.605,9.585,9.705,9.426,65621.0,300112
957,2014-08-19,9.585,10.202,10.54,9.516,211802.0,300112
958,2014-08-20,9.943,10.082,10.291,9.893,112351.0,300112
959,2014-08-21,10.062,10.599,11.007,9.993,174935.0,300112
960,2014-08-22,10.46,10.659,11.156,10.45,152749.0,300112
961,2014-08-25,10.758,10.44,10.928,10.43,105520.0,300112
962,2014-08-26,10.291,9.973,10.41,9.893,94453.0,300112
963,2014-08-27,9.953,10.102,10.222,9.943,49210.0,300112
964,2014-08-28,9.963,10.013,10.102,9.794,48925.0,300112
965,2014-08-29,9.943,10.271,10.301,9.943,42963.0,300112
966,2014-09-01,10.212,10.669,10.858,10.182,72800.0,300112
967,2014-09-02,10.659,10.808,10.937,10.639,81302.0,300112
968,2015-01-23,11.892,11.892,11.892,11.892,2700.0,300112
969,2015-01-26,12.528,12.011,13.085,11.862,282297.0,300112
970,2015-01-27,11.723,11.594,12.011,11.445,145800.0,300112
971,2015-01-28,11.415,11.186,11.425,11.087,106439.0,300112
972,2015-01-29,11.037,11.355,11.474,10.997,81590.0,300112
973,2015-01-30,11.256,10.977,11.455,10.967,62132.0,300112
974,2015-02-02,10.788,10.619,10.838,10.599,54536.0,300112
975,2015-02-03,10.669,10.798,10.937,10.669,53097.0,300112
976,2015-02-04,10.749,11.156,11.305,10.679,103254.0,300112
977,2015-02-05,11.067,10.937,11.266,10.937,63775.0,300112
978,2015-02-06,11.017,10.45,11.087,10.42,59371.0,300112
979,2015-02-09,10.401,10.082,10.649,9.943,40705.0,300112
980,2015-02-10,10.222,10.331,10.44,10.192,34266.0,300112
981,2015-02-11,10.241,10.55,10.589,10.232,30712.0,300112
982,2015-02-12,10.48,10.44,10.619,10.351,40126.0,300112
983,2015-02-13,10.52,10.669,10.719,10.48,45830.0,300112
984,2015-02-16,10.699,10.928,10.947,10.609,55633.0,300112
985,2015-02-17,11.335,10.997,11.335,10.928,55001.0,300112
986,2015-02-25,10.937,10.868,11.017,10.679,40110.0,300112
987,2015-02-26,10.838,10.798,10.937,10.669,43262.0,300112
988,2015-02-27,10.798,11.455,11.594,10.788,113747.0,300112
989,2015-03-02,11.415,11.574,11.614,11.226,94659.0,300112
990,2015-03-03,11.534,11.136,11.534,11.126,78667.0,300112
991,2015-03-04,11.256,11.425,11.445,11.156,56590.0,300112
992,2015-03-05,11.544,11.673,11.773,11.256,112291.0,300112
993,2015-03-06,11.713,11.276,11.753,11.236,66294.0,300112
994,2015-03-09,11.226,11.624,11.773,11.116,83784.0,300112
995,2015-03-10,11.633,11.981,12.121,11.633,117660.0,300112
996,2015-03-11,11.812,11.832,11.902,11.673,69639.0,300112
997,2015-03-12,11.832,11.942,12.499,11.683,97277.0,300112
998,2015-03-13,11.981,12.26,12.379,11.812,87621.0,300112
999,2015-03-16,12.33,12.896,13.135,12.33,127483.0,300112
1000,2015-03-17,12.886,13.195,13.543,12.737,146486.0,300112
1001,2015-03-18,13.075,13.324,13.423,12.976,108659.0,300112
1002,2015-03-19,13.324,13.145,13.503,12.956,105535.0,300112
1003,2015-03-20,13.085,13.642,13.771,13.016,117190.0,300112
1004,2015-03-23,13.692,13.761,13.891,13.473,113051.0,300112
1005,2015-03-24,13.811,14.606,14.885,13.125,181494.0,300112
1006,2015-03-25,14.328,14.706,15.382,14.219,148665.0,300112
1007,2015-03-26,14.994,14.656,15.68,13.97,156359.0,300112
1008,2015-03-27,14.815,14.497,14.855,14.119,90524.65,300112
1009,2015-03-30,14.408,14.845,14.845,14.199,118936.0,300112
1010,2015-03-31,14.805,14.427,14.945,14.368,103452.0,300112
1011,2015-04-01,14.239,15.114,15.412,14.239,125527.0,300112
1012,2015-04-02,15.004,15.302,15.412,14.865,125481.0,300112
1013,2015-04-03,15.114,15.402,15.541,15.014,119618.0,300112
1014,2015-04-07,15.223,15.71,16.197,15.133,166678.0,300112
1015,2015-04-08,15.611,14.925,15.621,14.597,136951.0,300112
1016,2015-04-09,14.736,14.149,14.815,13.702,117177.0,300112
1017,2015-04-10,14.199,14.487,14.686,14.07,78764.0,300112
1018,2015-04-13,14.557,14.477,14.676,14.119,92622.0,300112
1019,2015-04-14,14.547,14.268,14.606,14.079,75216.0,300112
1020,2015-04-15,14.258,13.95,14.557,13.95,80372.0,300112
1021,2015-04-16,13.821,14.398,14.785,13.622,72354.0,300112
1022,2015-04-17,14.507,14.199,14.616,14.189,70135.0,300112
1023,2015-04-20,14.159,13.364,14.258,13.304,71412.0,300112
1024,2015-04-21,13.274,13.96,14.0,13.274,50762.0,300112
1025,2015-04-22,13.97,14.308,14.497,13.94,87584.0,300112
1026,2015-04-23,14.318,15.024,15.203,14.199,149615.0,300112
1027,2015-04-24,14.756,14.805,14.994,14.268,126015.0,300112
1028,2015-04-27,14.925,14.885,15.173,14.636,103695.0,300112
1029,2015-04-28,14.815,15.014,15.283,14.437,122587.0,300112
1030,2015-04-29,14.925,16.038,16.327,14.805,183983.0,300112
1031,2015-04-30,15.909,15.452,16.058,15.422,116651.0,300112
1032,2015-05-04,15.233,16.297,16.506,15.223,131555.0,300112
1033,2015-05-05,15.999,16.814,17.927,15.999,175064.0,300112
1034,2015-05-06,17.003,16.406,17.778,16.098,145951.0,300112
1035,2015-05-07,16.078,14.895,16.078,14.766,107958.0,300112
1036,2015-05-08,15.213,15.919,15.929,14.915,125810.0,300112
1037,2015-05-11,15.929,17.51,17.51,15.81,138350.0,300112
1038,2015-05-12,17.898,17.977,18.693,17.301,172685.0,300112
1039,2015-05-25,19.777,19.777,19.777,19.777,1299.0,300112
1040,2015-05-26,21.756,21.756,21.756,21.756,1053.0,300112
1041,2015-05-27,23.933,23.933,23.933,23.933,1498.0,300112
1042,2015-05-28,26.329,25.952,26.329,24.858,75651.0,300112
1043,2015-05-29,28.139,28.547,28.547,26.846,195571.0,300112
1044,2015-06-01,31.4,27.91,31.4,27.393,270682.0,300112
1045,2015-06-02,27.344,28.586,29.332,27.344,153377.0,300112
1046,2015-06-03,28.278,29.034,30.804,27.95,162356.0,300112
1047,2015-06-04,28.308,26.667,28.636,26.131,149621.0,300112
1048,2015-06-05,27.443,25.733,27.811,25.265,118984.0,300112
1049,2015-06-08,25.295,25.892,27.035,25.047,89390.0,300112
1050,2015-06-09,25.623,25.484,26.419,24.758,87220.0,300112
1051,2015-06-10,25.514,27.89,28.03,25.106,149665.0,300112
1052,2015-06-11,27.344,27.453,27.96,27.115,123990.0,300112
1053,2015-06-12,27.453,29.173,29.819,27.254,134976.0,300112
1054,2015-06-15,28.865,28.537,30.824,28.348,132626.0,300112
1055,2015-06-16,27.841,26.101,27.851,25.683,85510.0,300112
1056,2015-06-17,25.753,26.111,26.548,23.565,100153.0,300112
1057,2015-06-18,25.633,23.515,26.28,23.496,80182.0,300112
1058,2015-06-19,23.098,21.169,23.167,21.169,72365.0,300112
1059,2015-06-23,21.398,21.974,22.074,19.588,76404.0,300112
1060,2015-10-14,19.775,19.775,19.775,19.775,4152.0,300112
1061,2015-10-15,17.793,18.211,18.719,17.793,315892.0,300112
1062,2015-10-16,17.624,17.973,18.152,17.534,208523.0,300112
1063,2015-10-19,17.953,18.958,19.217,17.783,191012.0,300112
1064,2015-10-20,18.62,19.068,19.466,18.5,147455.0,300112
1065,2015-10-21,18.421,17.166,18.421,17.166,208112.0,300112
1066,2015-10-22,16.559,17.385,17.475,16.549,131945.0,300112
1067,2015-10-23,17.226,18.44,18.799,17.226,159805.0,300112
1068,2015-10-26,18.49,18.152,18.52,17.773,125150.0,300112
1069,2015-10-27,18.122,18.142,18.301,16.927,96467.0,300112
1070,2015-10-28,17.913,17.475,18.401,17.325,86152.0,300112
1071,2015-10-29,17.524,17.305,17.793,17.037,61942.0,300112
1072,2015-10-30,17.325,17.305,17.664,17.136,56624.0,300112
1073,2015-11-02,16.897,16.758,17.146,16.419,73674.0,300112
1074,2015-11-03,16.728,16.608,16.857,16.489,47352.0,300112
1075,2015-11-04,16.837,17.803,17.913,16.678,102098.0,300112
1076,2015-11-05,17.813,17.594,18.072,17.475,99485.0,300112
1077,2015-11-06,17.763,18.022,18.241,17.664,94936.0,300112
1078,2015-11-09,17.803,19.078,19.436,17.425,158034.0,300112
1079,2015-11-10,18.849,18.769,18.968,18.47,119745.0,300112
1080,2015-11-11,18.889,19.177,19.297,18.64,106175.0,300112
1081,2015-11-12,19.177,20.183,20.641,19.008,173561.0,300112
1082,2015-11-13,19.914,19.187,19.994,18.928,106801.0,300112
1083,2015-11-16,18.61,20.512,20.522,18.421,111279.0,300112
1084,2015-11-17,20.92,19.805,21.189,19.755,115215.0,300112
1085,2015-11-18,19.785,18.908,19.994,18.829,61354.0,300112
1086,2015-11-19,18.998,19.426,19.496,18.829,51946.0,300112
1087,2015-11-20,19.396,19.227,19.625,18.879,90690.0,300112
1088,2015-11-23,19.177,19.964,20.312,18.988,120111.0,300112
1089,2015-11-24,20.113,20.302,20.79,19.725,105533.0,300112
1090,2015-11-25,20.392,21.059,21.288,20.014,136269.0,300112
1091,2015-11-26,21.189,20.84,21.557,20.621,123687.0,300112
1092,2015-11-27,20.82,18.998,21.159,18.759,104340.0,300112
1093,2015-11-30,19.018,18.45,19.297,17.325,99783.0,300112
1094,2015-12-01,18.321,18.022,18.54,17.744,54833.0,300112
1095,2015-12-02,18.211,17.684,18.281,16.937,49725.0,300112
1096,2015-12-03,17.763,18.47,18.48,17.534,49862.0,300112
1097,2015-12-04,18.47,18.381,18.819,18.271,51031.0,300112
1098,2015-12-07,18.51,18.53,18.53,17.982,45781.0,300112
1099,2015-12-08,18.371,17.873,18.54,17.823,43018.0,300112
1100,2015-12-09,17.674,17.256,17.823,17.236,43539.0,300112
1101,2015-12-10,17.425,17.415,17.664,17.246,31320.0,300112
1102,2015-12-11,17.335,18.072,18.082,17.256,54271.0,300112
1103,2015-12-14,19.207,19.884,19.884,18.421,207064.0,300112
1104,2015-12-15,19.217,20.392,20.661,18.948,236070.0,300112
1105,2015-12-16,20.024,20.044,20.512,19.795,138100.0,300112
1106,2015-12-17,20.034,20.512,20.91,20.034,145178.0,300112
1107,2015-12-18,20.701,21.089,21.985,20.522,173206.0,300112
1108,2015-12-21,20.711,20.522,21.049,20.312,99624.0,300112
1109,2015-12-22,20.721,21.099,21.099,20.024,103118.0,300112
1110,2015-12-23,20.999,20.083,21.368,19.924,94411.0,300112
1111,2015-12-24,20.233,19.805,20.233,19.257,79494.0,300112
1112,2015-12-25,19.894,19.864,20.063,19.476,55651.0,300112
1113,2015-12-28,19.874,19.088,20.183,19.088,73075.0,300112
1114,2015-12-29,19.118,19.566,19.586,18.908,45012.0,300112
1115,2015-12-30,19.526,19.834,19.884,19.506,47598.0,300112
1116,2015-12-31,19.884,19.267,20.014,19.267,42531.0,300112
1117,2016-01-04,19.048,17.345,19.187,17.345,51506.0,300112
1118,2016-01-05,15.921,15.911,16.768,15.613,83182.0,300112
1119,2016-01-06,16.121,16.389,16.519,15.822,55909.0,300112
1120,2016-01-07,16.121,14.746,16.121,14.746,14806.0,300112
1121,2016-01-08,15.035,14.209,15.284,13.372,76626.0,300112
1122,2016-01-11,13.691,12.785,13.771,12.785,56705.0,300112
1123,2016-01-12,12.606,12.775,13.133,12.068,57124.0,300112
1124,2016-01-13,12.845,12.038,13.094,11.958,43515.0,300112
1125,2016-01-14,11.69,12.695,12.894,11.351,51737.0,300112
1126,2016-01-15,12.526,11.869,12.665,11.7,47562.0,300112
1127,2016-01-18,11.481,12.407,12.645,11.481,54207.0,300112
1128,2016-01-19,12.297,13.133,13.173,12.178,73142.0,300112
1129,2016-01-20,13.004,12.994,13.522,12.805,62841.0,300112
1130,2016-01-21,12.785,12.645,13.82,12.645,81752.0,300112
1131,2016-01-22,13.044,12.944,13.143,12.287,51213.0,300112
1132,2016-01-25,13.133,13.133,13.333,12.944,54384.0,300112
1133,2016-01-26,12.924,11.819,12.924,11.819,59195.0,300112
1134,2016-01-27,11.859,11.6,11.869,10.843,54590.0,300112
1135,2016-01-28,11.252,10.604,11.55,10.555,37471.0,300112
1136,2016-01-29,10.485,11.182,11.401,10.415,45438.0,300112
1137,2016-02-01,11.072,11.55,11.729,10.973,58616.0,300112
1138,2016-02-02,11.64,12.128,12.247,11.52,48354.0,300112
1139,2016-02-03,11.909,12.227,12.347,11.63,43739.0,300112
1140,2016-02-04,12.247,12.456,12.616,12.148,37080.0,300112
1141,2016-02-05,12.566,12.148,12.645,12.078,27769.0,300112
1142,2016-02-15,11.49,12.436,12.825,11.451,53286.0,300112
1143,2016-02-16,12.207,13.123,13.143,12.207,80995.0,300112
1144,2016-02-17,12.954,13.183,13.243,12.745,79296.0,300112
1145,2016-02-18,13.223,13.173,13.621,12.914,79710.0,300112
1146,2016-02-19,13.064,13.183,13.323,12.914,55848.0,300112
1147,2016-02-22,13.502,13.402,13.502,13.153,57278.0,300112
1148,2016-02-23,13.442,13.801,14.428,13.392,111901.0,300112
1149,2016-02-24,13.92,13.462,13.92,12.944,84412.0,300112
1150,2016-02-25,13.293,12.118,13.352,12.118,76205.0,300112
1151,2016-02-26,12.118,11.829,12.247,11.451,56484.0,300112
1152,2016-02-29,11.789,10.644,11.789,10.644,57216.0,300112
1153,2016-03-01,10.754,11.331,11.331,10.455,60568.0,300112
1154,2016-03-02,11.232,11.809,11.899,11.082,82304.0,300112
1155,2016-03-03,11.749,11.62,12.028,11.61,57726.0,300112
1156,2016-03-04,11.68,10.813,11.759,10.734,55481.0,300112
1157,2016-03-07,10.943,11.122,11.411,10.863,43068.0,300112
1158,2016-03-08,11.122,11.391,11.401,10.136,60047.0,300112
1159,2016-03-09,11.052,10.953,11.311,10.784,42692.0,300112
1160,2016-03-10,11.152,11.112,11.819,11.052,85728.0,300112
1161,2016-03-11,10.744,10.903,10.973,10.574,46817.0,300112
1162,2016-03-14,11.162,11.49,11.769,11.142,80733.0,300112
1163,2016-03-15,11.52,11.291,11.62,11.252,45643.0,300112
1164,2016-03-16,11.65,11.57,11.849,11.252,77269.0,300112
1165,2016-03-17,11.7,12.217,12.416,11.5,92271.0,300112
1166,2016-03-18,12.237,12.725,12.884,12.217,98615.0,300112
1167,2016-03-21,12.934,13.273,13.502,12.835,98949.0,300112
1168,2016-03-22,13.044,13.004,13.352,12.954,63960.0,300112
1169,2016-03-23,13.034,13.223,13.342,12.974,55783.0,300112
1170,2016-03-24,13.044,12.924,13.542,12.875,79042.0,300112
1171,2016-03-25,12.924,13.392,13.462,12.795,78244.0,300112
1172,2016-03-28,13.542,12.994,13.701,12.894,79588.0,300112
1173,2016-03-29,12.865,12.466,12.934,12.297,53520.0,300112
1174,2016-03-30,12.695,13.143,13.163,12.645,56539.0,300112
1175,2016-03-31,13.223,14.458,14.458,13.223,154470.0,300112
1176,2016-04-01,14.438,13.92,14.488,13.572,183803.0,300112
1177,2016-04-05,13.84,14.756,14.786,13.591,173335.0,300112
1178,2016-04-06,14.458,14.458,14.677,14.209,115953.0,300112
1179,2016-04-07,14.527,13.82,14.577,13.751,96841.0,300112
1180,2016-04-08,13.581,13.522,13.711,13.243,64308.0,300112
1181,2016-04-11,13.591,13.94,14.119,13.591,73171.0,300112
1182,2016-04-12,13.89,13.651,13.91,13.342,50396.0,300112
1183,2016-04-13,13.801,14.03,14.209,13.721,79348.0,300112
1184,2016-04-14,14.049,14.209,14.219,13.94,55491.0,300112
1185,2016-04-15,14.209,14.348,14.567,14.089,95181.0,300112
1186,2016-04-18,14.139,13.82,14.149,13.691,57119.0,300112
1187,2016-04-19,13.92,13.85,14.03,13.691,45740.0,300112
1188,2016-04-20,13.89,12.815,13.93,12.506,77824.0,300112
1189,2016-04-21,12.795,12.446,12.875,12.446,42887.0,300112
1190,2016-04-22,12.337,12.596,12.626,12.257,27544.0,300112
1191,2016-04-25,12.556,12.516,12.616,12.118,27864.0,300112
1192,2016-04-26,12.407,12.805,12.845,12.397,31767.0,300112
1193,2016-04-27,12.944,14.089,14.089,12.914,67642.0,300112
1194,2016-04-28,14.418,14.189,14.577,13.791,171146.0,300112
1195,2016-04-29,14.02,13.751,14.239,13.751,83401.0,300112
1196,2016-05-03,13.85,14.139,14.229,13.671,94823.0,300112
1197,2016-05-04,14.099,14.139,14.488,13.99,97180.0,300112
1198,2016-05-05,13.99,14.199,14.318,13.83,64342.0,300112
1199,2016-05-06,14.139,12.865,14.219,12.855,91322.0,300112
1200,2016-05-09,12.655,12.148,12.685,11.958,56424.0,300112
1201,2016-05-10,12.138,12.178,12.387,12.088,35840.0,300112
1202,2016-05-11,12.227,11.829,12.327,11.799,37296.0,300112
1203,2016-05-12,11.57,11.66,11.7,11.162,40882.0,300112
1204,2016-05-13,11.67,11.451,11.929,11.451,37822.0,300112
1205,2016-05-16,11.431,11.879,11.909,11.351,48773.0,300112
1206,2016-05-17,11.998,11.978,12.227,11.769,47471.0,300112
1207,2016-05-18,11.849,11.331,11.849,11.102,51512.0,300112
1208,2016-05-19,11.401,11.5,11.909,11.311,46294.0,300112
1209,2016-05-20,11.431,11.829,11.829,11.052,39214.0,300112
1210,2016-05-23,11.839,12.048,12.118,11.759,48356.0,300112
1211,2016-05-24,11.909,12.128,12.207,11.819,55140.0,300112
1212,2016-05-25,12.148,11.949,12.327,11.929,50789.0,300112
1213,2016-05-26,12.038,12.466,12.496,11.949,100237.0,300112
1214,2016-05-27,12.347,12.227,12.397,12.118,59080.0,300112
1215,2016-05-30,12.058,12.018,12.297,11.849,38564.0,300112
1216,2016-05-31,11.998,12.745,12.825,11.998,80074.0,300112
1217,2016-06-01,12.735,13.024,13.243,12.675,93410.0,300112
1218,2016-06-02,13.014,13.562,13.641,12.894,114732.0,300112
1219,2016-06-03,13.532,13.323,13.532,13.253,71680.0,300112
1220,2016-06-06,13.273,13.572,13.731,13.273,62998.0,300112
1221,2016-06-07,13.482,13.94,14.089,13.372,86677.0,300112
1222,2016-06-08,15.334,15.334,15.334,15.334,82200.0,300112
1223,2016-06-13,15.812,15.105,16.798,15.105,320816.0,300112
1224,2016-06-14,14.448,14.249,14.736,13.791,175615.0,300112
1225,2016-06-15,14.139,15.234,15.483,13.99,164569.0,300112
1226,2016-06-16,14.926,15.931,16.18,14.786,181595.0,300112
1227,2016-06-17,15.931,15.374,15.941,15.165,128912.0,300112
1228,2016-06-20,15.214,15.633,15.762,14.746,91321.0,300112
1229,2016-06-21,15.732,14.657,15.921,14.567,100724.0,300112
1230,2016-06-22,14.886,15.543,15.543,14.707,96650.0,300112
1231,2016-06-23,16.18,16.081,17.096,15.991,220094.0,300112
1232,2016-06-24,15.981,16.559,17.066,15.095,225394.0,300112
1233,2016-06-27,16.16,16.898,17.107,16.02,169685.0,300112
1234,2016-06-28,16.658,16.738,16.878,16.389,108241.0,300112
1235,2016-06-29,16.768,16.299,16.778,16.209,76056.0,300112
1236,2016-06-30,16.429,16.399,16.648,16.09,74445.0,300112
1237,2016-07-01,16.489,17.057,17.107,16.15,118248.0,300112
1238,2016-07-04,16.838,16.788,17.027,16.638,107212.0,300112
1239,2016-07-05,16.808,16.479,16.948,16.379,78611.0,300112
1240,2016-07-06,16.549,16.439,16.778,16.179,73498.0,300112
1241,2016-07-07,16.359,16.209,16.359,15.92,67809.0,300112
1242,2016-07-08,16.259,16.249,16.469,16.1,44708.0,300112
1243,2016-07-11,16.449,15.471,16.449,15.352,80618.0,300112
1244,2016-07-12,15.541,15.601,15.731,14.963,64271.0,300112
1245,2016-07-13,15.741,15.651,15.89,15.441,44521.0,300112
1246,2016-07-14,15.661,15.85,15.9,15.461,40390.0,300112
1247,2016-07-15,15.9,15.282,15.9,15.262,42636.0,300112
1248,2016-07-18,15.292,15.481,15.621,15.122,31381.0,300112
1249,2016-07-19,15.551,16.1,16.11,15.461,55660.0,300112
1250,2016-07-20,16.04,15.691,16.06,15.671,38621.0,300112
1251,2016-07-21,15.741,15.531,15.85,15.441,43399.0,300112
1252,2016-07-22,15.631,15.521,16.09,15.521,46443.0,300112
1253,2016-07-25,15.411,15.222,15.691,15.162,35956.0,300112
1254,2016-07-26,15.332,15.591,15.631,15.222,28040.0,300112
1255,2016-07-27,15.691,14.454,15.721,14.165,66434.0,300112
1256,2016-07-28,14.414,14.574,14.653,13.865,39071.0,300112
1257,2016-07-29,14.564,14.125,14.564,13.776,25953.0,300112
1258,2016-08-01,14.145,14.175,14.324,13.466,34536.0,300112
1259,2016-08-02,14.165,14.274,14.354,14.025,22912.0,300112
1260,2016-08-03,14.264,14.224,14.414,13.995,21347.0,300112
1261,2016-08-04,14.165,14.404,14.424,14.065,20807.0,300112
1262,2016-08-05,14.344,14.095,14.424,14.065,20047.0,300112
1263,2016-08-08,14.065,14.244,14.264,13.795,17296.0,300112
1264,2016-08-09,14.244,14.484,14.524,14.214,20847.0,300112
1265,2016-08-10,14.564,14.354,14.564,14.314,18281.0,300112
1266,2016-08-11,14.165,14.105,14.394,14.065,16733.0,300112
1267,2016-08-12,14.085,14.294,14.394,13.965,15309.0,300112
1268,2016-08-15,14.564,14.693,14.843,14.274,32284.0,300112
1269,2016-08-16,14.703,14.713,14.923,14.613,22756.0,300112
1270,2016-08-17,14.653,14.803,14.923,14.593,20883.0,300112
1271,2016-08-18,14.713,15.162,15.172,14.713,45067.0,300112
1272,2016-08-19,15.521,15.501,15.9,15.292,90639.0,300112
1273,2016-08-22,15.421,15.052,15.421,14.713,61836.0,300112
1274,2016-08-23,14.873,14.903,15.202,14.823,29265.0,300112
1275,2016-08-24,14.992,14.963,15.142,14.853,22766.0,300112
1276,2016-08-25,14.823,14.643,14.863,14.424,30940.0,300112
1277,2016-08-26,14.713,14.673,14.923,14.633,20719.0,300112
1278,2016-08-29,14.683,14.683,14.853,14.593,18507.0,300112
1279,2016-08-30,14.753,14.713,14.823,14.613,17480.0,300112
1280,2016-08-31,14.823,14.564,14.823,14.504,24796.0,300112
1281,2016-09-01,14.574,14.623,14.873,14.534,29826.0,300112
1282,2016-09-02,14.743,14.603,14.743,14.534,25115.0,300112
1283,2016-09-05,14.603,14.773,14.803,14.593,19439.0,300112
1284,2016-09-06,14.803,15.062,15.062,14.414,44636.0,300112
1285,2016-09-07,15.012,14.973,15.222,14.873,33794.0,300112
1286,2016-09-08,14.973,15.092,15.232,14.943,27003.0,300112
1287,2016-09-09,15.092,14.743,15.172,14.743,25353.0,300112
1288,2016-09-12,14.593,13.975,14.593,13.945,40030.0,300112
1289,2016-09-13,14.254,13.975,14.314,13.845,24011.0,300112
1290,2016-09-14,13.945,13.875,14.115,13.686,17195.0,300112
1291,2016-09-19,14.005,14.414,14.524,13.945,34731.0,300112
1292,2016-09-20,14.344,14.244,14.444,14.055,26950.0,300112
1293,2016-09-21,14.155,14.424,14.464,14.155,19980.0,300112
1294,2016-09-22,14.554,14.474,14.763,14.434,22787.0,300112
1295,2016-09-23,14.554,14.534,14.713,14.404,20355.0,300112
1296,2016-09-26,14.464,14.194,14.663,14.115,20249.0,300112
1297,2016-09-27,14.155,14.384,14.394,14.135,14927.0,300112
1298,2016-09-28,14.494,14.544,14.593,14.384,14855.0,300112
1299,2016-09-29,14.484,14.583,14.733,14.484,16208.0,300112
1300,2016-09-30,14.583,14.753,14.763,14.583,14659.0,300112
1301,2016-10-10,14.893,15.102,15.132,14.833,28257.0,300112
1302,2016-10-11,15.112,15.092,15.202,14.943,26906.0,300112
1303,2016-10-12,15.132,15.192,15.302,15.082,26111.0,300112
1304,2016-10-13,15.312,15.122,15.312,15.102,16154.0,300112
1305,2016-10-14,15.152,15.052,15.152,14.813,19278.0,300112
1306,2016-10-17,15.162,14.723,15.252,14.643,22366.0,300112
1307,2016-10-18,14.663,15.142,15.212,14.574,27490.0,300112
1308,2016-10-19,15.192,15.202,15.84,15.162,37503.0,300112
1309,2016-10-20,15.342,15.062,15.451,14.983,27703.0,300112
1310,2016-10-21,15.112,14.983,15.222,14.813,23812.0,300112
1311,2016-10-24,14.983,15.102,15.222,14.863,26603.0,300112
1312,2016-10-25,15.092,15.212,15.232,15.032,17947.0,300112
1313,2016-10-26,15.162,15.012,15.302,14.903,24553.0,300112
1314,2016-10-27,15.012,15.152,15.262,14.933,26718.0,300112
1315,2016-10-28,15.212,15.022,15.212,14.943,21790.0,300112
1316,2016-10-31,14.963,15.072,15.122,14.753,16173.0,300112
1317,2016-11-01,15.122,15.651,15.661,15.012,59377.0,300112
1318,2016-11-02,15.531,15.362,15.551,15.302,38338.0,300112
1319,2016-11-03,15.352,15.411,15.731,15.222,39381.0,300112
1320,2016-11-04,15.491,15.99,16.04,15.431,79043.0,300112
1321,2016-11-07,15.96,15.761,15.96,15.631,32787.0,300112
1322,2016-11-08,15.84,15.651,15.86,15.581,25443.0,300112
1323,2016-11-09,15.661,15.352,15.751,14.963,32253.0,300112
1324,2016-11-10,15.401,15.571,15.641,15.252,29397.0,300112
1325,2016-11-11,15.571,15.521,15.621,15.332,32694.0,300112
1326,2016-11-14,15.471,15.741,15.81,15.391,35126.0,300112
1327,2016-11-15,15.731,15.88,15.88,15.521,33380.0,300112
1328,2016-11-16,15.88,16.15,16.189,15.81,52249.0,300112
1329,2016-11-17,16.1,15.781,16.1,15.641,28695.0,300112
1330,2016-11-18,15.79,15.751,16.0,15.671,22040.0,300112
1331,2016-11-21,15.751,15.96,15.99,15.571,42559.0,300112
1332,2016-11-22,15.87,15.91,15.95,15.711,28178.0,300112
1333,2016-11-23,15.96,15.781,16.13,15.761,32981.0,300112
1334,2016-11-24,15.85,15.521,15.85,15.411,27807.0,300112
1335,2016-11-25,15.531,15.431,15.601,15.052,29305.0,300112
1336,2016-11-28,15.441,15.352,15.591,15.332,24355.0,300112
1337,2016-11-29,15.362,15.002,15.411,14.992,31044.0,300112
1338,2016-11-30,14.963,14.823,15.182,14.743,32907.0,300112
1339,2016-12-01,14.833,14.873,15.032,14.763,22504.0,300112
1340,2016-12-02,14.883,14.324,14.923,14.314,26086.0,300112
1341,2016-12-05,14.244,14.703,14.853,14.015,31472.0,300112
1342,2016-12-06,14.743,14.554,14.843,14.464,19609.0,300112
1343,2016-12-07,14.474,14.893,15.002,14.474,22038.0,300112
1344,2016-12-08,14.983,14.783,15.352,14.783,27105.0,300112
1345,2016-12-09,14.663,15.192,15.262,14.613,34821.0,300112
1346,2016-12-12,15.082,13.825,15.082,13.746,52902.0,300112
1347,2016-12-13,13.726,13.696,13.925,13.386,25930.0,300112
1348,2016-12-14,13.636,13.486,13.815,13.446,18574.0,300112
1349,2016-12-15,13.486,13.746,13.835,13.217,20259.0,300112
1350,2016-12-16,13.626,13.925,14.045,13.626,14262.0,300112
1351,2016-12-19,14.025,13.985,14.055,13.815,14440.0,300112
1352,2016-12-20,13.985,14.085,14.204,13.925,17519.0,300112
1353,2016-12-21,14.125,14.125,14.284,14.015,14528.0,300112
1354,2016-12-22,14.214,14.414,14.434,13.776,32580.0,300112
1355,2016-12-23,14.185,13.875,14.214,13.865,28517.0,300112
1356,2016-12-26,13.815,14.015,14.065,13.546,18987.0,300112
1357,2016-12-27,14.015,13.985,14.204,13.925,23007.0,300112
1358,2016-12-28,13.965,14.095,14.115,13.915,18475.0,300112
1359,2016-12-29,14.075,14.434,14.943,13.995,47756.0,300112
1360,2016-12-30,14.284,14.254,14.504,14.135,36936.0,300112
1361,2017-01-03,14.224,14.424,14.474,14.224,25437.0,300112
1362,2017-01-04,14.713,14.544,14.713,14.344,23240.0,300112
1363,2017-01-05,14.753,14.733,14.833,14.524,28780.0,300112
1364,2017-01-06,14.683,14.723,14.793,14.414,35512.0,300112
1365,2017-01-09,14.663,14.434,14.803,14.234,36814.0,300112
1366,2017-01-10,14.324,14.224,14.464,14.145,29027.0,300112
1367,2017-01-11,14.274,14.185,14.334,14.065,18171.0,300112
1368,2017-01-12,14.165,13.666,14.234,13.666,22545.0,300112
1369,2017-01-13,13.696,13.367,13.825,13.357,15603.0,300112
1370,2017-01-16,13.396,12.449,13.396,12.09,35630.0,300112
1371,2017-01-17,12.519,12.608,12.768,12.15,23295.0,300112
1372,2017-01-18,12.579,12.489,12.628,12.429,19554.0,300112
1373,2017-01-19,12.439,12.369,12.549,12.199,16154.0,300112
1374,2017-01-20,12.449,12.768,12.938,12.449,22578.0,300112
1375,2017-01-23,12.658,12.928,13.057,12.658,23099.0,300112
1376,2017-01-24,12.938,12.778,13.027,12.698,19798.0,300112
1377,2017-01-25,12.788,12.868,13.007,12.718,14895.0,300112
1378,2017-01-26,12.878,13.017,13.067,12.878,13438.0,300112
1379,2017-02-03,13.047,13.177,13.267,12.858,23823.0,300112
1380,2017-02-06,13.167,13.436,13.446,13.087,21567.0,300112
1381,2017-02-07,13.446,13.586,13.736,13.317,24707.0,300112
1382,2017-02-08,13.616,13.646,13.706,13.386,20560.0,300112
1383,2017-02-09,13.626,13.616,13.736,13.516,21272.0,300112
1384,2017-02-10,13.696,13.706,13.766,13.576,19010.0,300112
1385,2017-02-13,13.706,13.656,13.706,13.386,19957.0,300112
1386,2017-02-14,13.746,13.416,13.746,13.317,18425.0,300112
1387,2017-02-15,13.466,13.317,13.566,13.297,14967.0,300112
1388,2017-02-16,13.396,13.406,13.506,13.317,13735.0,300112
1389,2017-02-17,13.436,13.167,13.536,13.137,17936.0,300112
1390,2017-02-20,13.167,13.486,13.516,13.117,17599.0,300112
1391,2017-02-21,13.526,13.636,13.855,13.526,17907.0,300112
1392,2017-02-22,13.636,13.576,13.795,13.496,18985.0,300112
1393,2017-02-23,13.656,13.566,13.656,13.426,18980.0,300112
1394,2017-02-24,13.576,13.656,13.716,13.506,17356.0,300112
1395,2017-02-27,13.706,13.536,13.756,13.466,16747.0,300112
1396,2017-02-28,13.596,13.586,13.656,13.516,12730.0,300112
1397,2017-03-01,13.636,13.656,13.786,13.546,22755.0,300112
1398,2017-03-02,13.696,13.746,13.855,13.636,23723.0,300112
1399,2017-03-03,13.756,13.865,13.865,13.546,24835.0,300112
1400,2017-03-06,13.865,14.175,14.204,13.825,33981.0,300112
1401,2017-03-07,14.304,14.105,14.324,14.015,24281.0,300112
1402,2017-03-08,14.135,13.925,14.185,13.875,21131.0,300112
1403,2017-03-09,13.875,14.085,14.125,13.825,21348.0,300112
1404,2017-03-10,14.045,13.766,14.045,13.766,17044.0,300112
1405,2017-03-13,13.756,13.895,13.935,13.686,15669.0,300112
1406,2017-03-14,13.795,15.282,15.282,13.776,99561.0,300112
1407,2017-03-15,15.302,15.172,15.471,14.723,147470.0,300112
1408,2017-03-16,15.012,15.162,15.322,14.883,105896.0,300112
1409,2017-03-17,15.112,14.983,15.451,14.933,97294.0,300112
1410,2017-03-20,14.763,14.753,14.973,14.514,59376.0,300112
1411,2017-03-21,14.633,14.713,14.863,14.564,39494.0,300112
1412,2017-03-22,14.574,14.384,14.683,14.264,47372.0,300112
1413,2017-03-23,14.364,14.434,14.494,14.115,40645.0,300112
1414,2017-03-24,14.464,14.115,14.464,14.065,42861.0,300112
1415,2017-03-27,14.115,14.274,14.574,14.045,53776.0,300112
1416,2017-03-28,14.264,13.995,14.294,13.815,41722.0,300112
1417,2017-03-29,14.145,13.676,14.145,13.666,28612.0,300112
1418,2017-03-30,13.616,13.007,13.746,12.938,50181.0,300112
1419,2017-03-31,13.027,13.097,13.257,12.978,21260.0,300112
1420,2017-04-05,13.097,13.476,13.516,12.997,27297.0,300112
1421,2017-04-06,13.357,13.347,13.466,13.257,25314.0,300112
1422,2017-04-07,13.337,13.247,13.426,13.227,23017.0,300112
1423,2017-04-10,13.287,12.878,13.337,12.838,29466.0,300112
1424,2017-04-11,12.848,13.167,13.167,12.748,21948.0,300112
1425,2017-04-12,13.077,13.097,13.217,12.997,17772.0,300112
1426,2017-04-13,13.007,13.097,13.267,13.007,17412.0,300112
1427,2017-04-14,13.077,12.938,13.107,12.798,18652.0,300112
1428,2017-04-17,12.848,12.409,12.868,12.279,24229.0,300112
1429,2017-04-18,12.549,12.239,12.549,12.219,21317.0,300112
1430,2017-04-19,12.229,12.229,12.289,11.85,20333.0,300112
1431,2017-04-20,12.229,12.269,12.369,12.17,15888.0,300112
1432,2017-04-21,12.199,11.95,12.269,11.85,20552.0,300112
1433,2017-04-24,11.85,11.451,11.94,11.401,16838.0,300112
1434,2017-04-25,11.481,11.551,11.671,11.481,15461.0,300112
1435,2017-04-26,11.621,11.711,11.791,11.461,15719.0,300112
1436,2017-04-27,11.621,11.97,12.02,11.411,26336.0,300112
1437,2017-04-28,11.82,12.05,12.13,11.81,13500.0,300112
1438,2017-05-02,11.97,12.11,12.329,11.97,14541.0,300112
1439,2017-05-03,12.11,12.05,12.199,12.0,13778.0,300112
1440,2017-05-04,12.14,12.1,12.249,11.98,12426.0,300112
1441,2017-05-05,12.03,11.681,12.14,11.621,17415.0,300112
1442,2017-05-08,11.661,11.631,11.86,11.531,17224.0,300112
1443,2017-05-09,11.631,11.87,11.92,11.481,12808.0,300112
1444,2017-05-10,11.92,11.521,12.0,11.521,20351.0,300112
1445,2017-05-11,11.521,11.421,11.621,11.072,24668.0,300112
1446,2017-05-12,11.372,11.262,11.451,11.102,14006.0,300112
1447,2017-05-15,11.302,11.382,11.451,11.282,10122.0,300112
1448,2017-05-16,11.382,11.86,11.9,11.192,24916.0,300112
1449,2017-05-17,11.81,11.88,11.95,11.731,19359.0,300112
1450,2017-05-18,11.731,11.88,11.99,11.651,18824.0,300112
1451,2017-05-19,11.87,11.721,11.94,11.671,13425.0,300112
1452,2017-05-22,11.681,11.561,11.92,11.481,17194.0,300112
1453,2017-05-23,11.551,10.923,11.561,10.923,16698.0,300112
1454,2017-05-24,10.873,11.082,11.142,10.603,15763.0,300112
1455,2017-05-25,11.082,11.062,11.172,10.753,22183.0,300112
1456,2017-05-26,11.072,10.953,11.072,10.863,17214.0,300112
1457,2017-05-31,11.172,10.863,11.192,10.793,16766.0,300112
1458,2017-06-01,10.823,10.384,10.853,10.175,26690.0,300112
1459,2017-06-02,10.254,10.514,10.653,10.185,19239.0,300112
1460,2017-06-05,10.544,10.584,10.653,10.504,10008.0,300112
1461,2017-06-06,10.534,10.673,10.803,10.514,19033.0,300112
1462,2017-06-07,10.584,10.863,10.933,10.474,41810.0,300112
1463,2017-06-08,10.823,10.673,10.903,10.643,24327.0,300112
1464,2017-06-09,10.633,10.833,10.833,10.404,31446.0,300112
1465,2017-06-12,10.693,10.274,10.753,10.254,24538.0,300112
1466,2017-06-13,10.244,10.494,10.613,10.204,21292.0,300112
1467,2017-06-14,10.524,10.623,10.723,10.454,21624.0,300112
1468,2017-06-15,10.613,10.853,11.142,10.564,38300.0,300112
1469,2017-06-16,10.813,10.823,10.923,10.793,21191.0,300112
1470,2017-06-19,10.783,11.042,11.062,10.783,24058.0,300112
1471,2017-06-20,11.032,10.933,11.212,10.923,29124.0,300112
1472,2017-06-21,11.062,11.012,11.072,10.833,25348.0,300112
1473,2017-06-22,11.491,12.11,12.11,11.491,42643.0,300112
1474,2017-06-23,12.469,12.728,12.828,12.279,254072.0,300112
1475,2017-06-26,12.419,12.359,12.459,12.17,143890.0,300112
1476,2017-06-27,12.379,12.0,12.379,11.91,122403.0,300112
1477,2017-06-28,11.9,11.92,11.92,11.581,97400.0,300112
1478,2017-06-29,11.81,11.83,12.219,11.751,102710.0,300112
1479,2017-06-30,11.671,11.601,11.691,11.411,72606.0,300112
1480,2017-07-03,11.581,11.721,11.8,11.551,56026.0,300112
1481,2017-07-04,11.8,11.611,11.9,11.571,51638.0,300112
1482,2017-07-05,11.581,12.11,12.469,11.561,140372.0,300112
1483,2017-07-06,12.31,12.07,12.43,11.8,99025.0,300112
1484,2017-07-07,11.9,12.38,12.44,11.78,134244.0,300112
1485,2017-07-10,12.19,12.19,12.33,12.02,68062.0,300112
1486,2017-07-11,12.07,11.77,12.18,11.75,56662.0,300112
1487,2017-07-12,11.6,11.75,11.89,11.42,47395.0,300112
1488,2017-07-13,11.49,11.54,11.73,11.49,36653.0,300112
1489,2017-07-14,11.58,11.1,11.65,11.09,38252.0,300112
1490,2017-07-17,11.02,10.09,11.16,10.0,69505.0,300112
1491,2017-07-18,10.06,10.2,10.34,10.0,37080.0,300112
1492,2017-07-19,10.2,10.21,10.28,10.03,41036.0,300112
1493,2017-07-20,10.18,10.25,10.44,10.18,39948.0,300112
1494,2017-07-21,10.4,10.3,10.64,10.27,42780.0,300112
1495,2017-07-24,10.2,10.22,10.27,10.02,38235.0,300112
1496,2017-07-25,10.2,10.2,10.3,10.12,26181.0,300112
1497,2017-07-26,10.24,10.15,10.28,10.06,25121.0,300112
1498,2017-07-27,10.15,10.53,10.6,10.07,64582.0,300112
1499,2017-07-28,10.44,10.35,10.54,10.34,34254.0,300112
1500,2017-07-31,10.27,10.44,10.5,10.27,27261.0,300112
1501,2017-08-01,10.44,10.51,10.54,10.34,26644.0,300112
1502,2017-08-02,10.65,10.25,10.66,10.24,31088.0,300112
1503,2017-08-03,10.2,10.45,10.51,10.16,24890.0,300112
1504,2017-08-04,10.42,10.37,10.52,10.35,20527.0,300112
1505,2017-08-07,10.35,10.44,10.52,10.35,18919.0,300112
1506,2017-08-08,10.42,10.56,10.56,10.31,29209.0,300112
1507,2017-08-09,10.49,10.68,10.68,10.46,37412.0,300112
1508,2017-08-10,10.68,10.41,10.68,10.23,35958.0,300112
1509,2017-08-11,10.32,10.31,10.44,10.28,22563.0,300112
1510,2017-08-14,10.29,10.69,10.8,10.29,45787.0,300112
1511,2017-08-15,10.7,10.65,10.7,10.56,29321.0,300112
1512,2017-08-16,10.67,10.91,10.97,10.62,55143.0,300112
1513,2017-08-17,10.88,11.09,11.4,10.79,73241.0,300112
1514,2017-08-18,10.95,10.95,11.14,10.85,38131.0,300112
1515,2017-08-21,10.94,11.07,11.1,10.93,22701.0,300112
1516,2017-08-22,11.07,10.98,11.1,10.82,26932.0,300112
1517,2017-08-23,11.0,10.92,11.19,10.85,27914.0,300112
1518,2017-08-24,10.8,10.75,10.9,10.63,23741.0,300112
1519,2017-08-25,10.71,10.97,10.97,10.67,19913.0,300112
1520,2017-08-28,11.04,11.08,11.18,10.92,34293.0,300112
1521,2017-08-29,11.01,10.89,11.14,10.88,25348.0,300112
1522,2017-08-30,10.89,10.9,11.0,10.84,23087.0,300112
1523,2017-08-31,10.9,11.12,11.15,10.88,36375.0,300112
1524,2017-09-01,11.19,11.29,11.39,10.96,54167.0,300112
1525,2017-09-04,11.44,11.32,11.6,11.22,62370.0,300112
1526,2017-09-05,11.22,11.25,11.48,11.21,39466.0,300112
1527,2017-09-06,11.2,11.46,11.46,11.17,43896.0,300112
1528,2017-09-07,11.4,11.25,11.52,11.25,41225.0,300112
1529,2017-09-08,11.25,11.41,11.43,11.2,28726.0,300112
1530,2017-09-11,11.4,11.51,11.53,11.3,36919.0,300112
1531,2017-09-12,11.49,11.28,11.52,11.2,31587.0,300112
1532,2017-09-13,11.23,11.35,11.35,11.2,18759.0,300112
1533,2017-09-14,11.31,11.37,11.5,11.25,26742.0,300112
1534,2017-09-15,11.35,11.26,11.35,11.19,19346.0,300112
1535,2017-09-18,11.28,11.34,11.35,11.2,15820.0,300112
1536,2017-09-19,11.41,11.26,11.54,11.23,32758.0,300112
1537,2017-09-20,11.21,11.39,11.4,11.16,24937.0,300112
1538,2017-09-21,11.38,11.18,11.48,11.18,29927.0,300112
1539,2017-09-22,11.16,11.12,11.22,11.0,21412.0,300112
1540,2017-09-25,11.2,11.13,11.44,11.08,26707.0,300112
1541,2017-09-26,11.18,10.8,11.18,10.67,34076.0,300112
1542,2017-09-27,10.79,10.94,10.94,10.78,12055.0,300112
1543,2017-09-28,10.86,10.91,11.03,10.85,12729.0,300112
1544,2017-09-29,10.88,11.05,11.08,10.88,12517.0,300112
1545,2017-10-09,11.15,11.68,11.7,11.1,75406.0,300112
1546,2017-10-10,12.3,12.85,12.85,12.11,163067.0,300112
1547,2017-10-11,13.44,12.3,13.44,12.3,243566.0,300112
1548,2017-10-12,12.08,12.21,12.48,12.08,114486.0,300112
1549,2017-10-13,12.11,12.01,12.23,11.91,80908.0,300112
1550,2017-10-16,12.26,11.84,12.38,11.84,77079.0,300112
1551,2017-10-17,11.74,11.87,11.96,11.59,49117.0,300112
1552,2017-10-18,11.95,11.66,11.96,11.56,45304.0,300112
1553,2017-10-19,11.66,11.78,12.46,11.52,60284.0,300112
1554,2017-10-20,11.7,11.93,11.94,11.46,43883.0,300112
1555,2017-10-23,12.1,11.94,12.1,11.85,30122.0,300112
1556,2017-10-24,11.84,11.73,11.94,11.5,36073.0,300112
1557,2017-10-25,11.72,11.82,11.86,11.62,26992.0,300112
1558,2017-10-26,11.8,11.74,11.8,11.65,32140.0,300112
1559,2017-10-27,11.71,11.8,11.94,11.7,33987.0,300112
1560,2017-10-30,11.8,11.21,11.86,11.21,42423.0,300112
1561,2017-10-31,11.21,11.41,11.41,11.21,21282.0,300112
1562,2017-11-01,11.42,11.38,11.5,11.36,21764.0,300112
1563,2017-11-02,11.35,11.48,11.56,11.3,27018.0,300112
1564,2017-11-03,11.51,11.15,11.56,11.02,27979.0,300112
1565,2017-11-06,11.13,11.39,11.4,11.08,22098.0,300112
1566,2017-11-07,11.39,11.5,11.54,11.31,29311.0,300112
1567,2017-11-08,11.43,11.49,11.58,11.39,27156.0,300112
1568,2017-11-09,11.43,11.65,11.66,11.4,25652.0,300112
1569,2017-11-10,11.74,11.72,11.9,11.65,40233.0,300112
1570,2017-11-13,11.68,11.92,12.0,11.63,45359.0,300112
1571,2017-11-14,11.83,11.52,11.9,11.51,34138.0,300112
1572,2017-11-15,11.46,11.23,11.52,11.21,33721.0,300112
1573,2017-11-16,11.24,11.26,11.45,11.23,21416.0,300112
1574,2017-11-17,11.28,11.13,11.49,11.0,38802.0,300112
1575,2017-11-20,11.0,10.81,11.0,10.39,31148.0,300112
1576,2017-11-21,10.75,10.71,10.84,10.5,20403.0,300112
1577,2017-11-22,10.73,10.63,10.76,10.06,23383.0,300112
1578,2017-11-23,10.6,10.4,10.69,10.4,16333.0,300112
1579,2017-11-24,10.68,10.45,10.68,10.4,11583.0,300112
1580,2017-11-27,10.52,10.38,10.58,10.35,12320.0,300112
1581,2017-11-28,10.48,10.7,10.7,10.38,13691.0,300112
1582,2017-11-29,10.64,10.58,10.69,10.47,15245.0,300112
1583,2017-11-30,10.57,10.6,10.68,10.5,12896.0,300112
1584,2017-12-01,10.52,10.77,10.84,10.52,16728.0,300112
1585,2017-12-04,10.76,10.53,10.83,10.51,14486.0,300112
1586,2017-12-05,10.49,10.05,10.56,9.99,24560.0,300112
1587,2017-12-06,10.05,10.35,10.43,10.0,17384.0,300112
1588,2017-12-07,10.3,10.32,10.44,10.27,9390.0,300112
1589,2017-12-08,10.38,10.47,10.52,10.3,10930.0,300112
1590,2017-12-11,10.47,10.6,10.64,10.43,12095.0,300112
1591,2017-12-12,10.66,10.37,10.66,10.36,10084.0,300112
1592,2017-12-26,9.58,10.01,10.08,9.58,22676.0,300112
1593,2017-12-27,9.88,9.95,10.17,9.88,12091.0,300112
1594,2017-12-28,9.97,9.94,10.02,9.88,11925.0,300112
1595,2017-12-29,9.91,10.04,10.07,9.91,8348.0,300112
1596,2018-01-02,10.12,10.21,10.21,9.99,8588.0,300112
1597,2018-01-03,10.21,10.28,10.29,10.12,11313.0,300112
1598,2018-01-04,10.19,10.24,10.27,10.16,11396.0,300112
1599,2018-01-05,10.28,10.33,10.49,10.25,10729.0,300112
1600,2018-01-08,10.31,10.32,10.45,10.22,9949.0,300112
1601,2018-01-09,10.35,10.13,10.35,10.08,12538.0,300112
1602,2018-01-10,10.12,10.0,10.18,9.86,14087.0,300112
1603,2018-01-11,10.21,10.65,11.0,10.2,55440.0,300112
1604,2018-01-12,10.43,10.45,10.5,10.36,27249.0,300112
1605,2018-01-15,10.45,10.11,10.45,10.0,20970.0,300112
1606,2018-01-16,10.19,10.22,10.31,10.09,13258.0,300112
1607,2018-01-17,10.26,10.13,10.26,9.91,11611.0,300112
1608,2018-01-18,10.15,10.09,10.16,10.04,10596.0,300112
1609,2018-01-19,10.13,10.05,10.14,10.03,8010.0,300112
1610,2018-01-22,10.01,10.27,10.47,9.89,23304.0,300112
1611,2018-01-23,10.4,10.56,10.79,10.32,42286.0,300112
1612,2018-01-24,10.43,10.49,10.6,10.1,32194.0,300112
1613,2018-01-25,10.4,10.37,10.67,10.37,23468.0,300112
1614,2018-01-26,10.38,10.28,10.45,10.28,16852.0,300112
1615,2018-01-29,10.28,10.08,10.34,10.06,12633.0,300112
1616,2018-01-30,10.08,10.12,10.15,10.01,9659.0,300112
1617,2018-01-31,10.1,9.73,10.11,9.7,20426.0,300112
1618,2018-02-01,9.72,9.43,9.85,9.32,19263.0,300112
1619,2018-02-02,9.43,9.27,9.58,9.1,9829.0,300112
1620,2018-02-05,9.28,9.01,9.28,8.73,13273.0,300112
1621,2018-02-06,8.85,8.2,8.88,8.17,15274.0,300112
1622,2018-02-07,8.49,8.37,8.57,8.12,11027.0,300112
1623,2018-02-08,8.4,8.61,8.68,8.25,9169.0,300112
1624,2018-02-09,8.3,8.33,8.46,8.15,11530.0,300112
1625,2018-02-12,8.35,8.58,8.68,8.33,10586.0,300112
1626,2018-02-13,8.6,8.52,8.69,8.51,7861.0,300112
1627,2018-02-14,8.57,8.54,8.62,8.45,3882.0,300112
1628,2018-02-22,8.62,8.67,8.75,8.55,6213.0,300112
1629,2018-02-23,8.64,8.71,8.76,8.6,5911.0,300112
1630,2018-02-26,8.79,8.99,9.09,8.71,11810.0,300112
1631,2018-02-27,9.0,8.98,9.17,8.93,14180.0,300112
1632,2018-02-28,8.94,9.1,9.15,8.82,14202.0,300112
1633,2018-03-01,9.02,9.39,9.43,9.0,19430.0,300112
1634,2018-03-02,9.37,9.43,10.05,9.32,31977.0,300112
1635,2018-03-05,9.37,9.63,9.68,9.37,21464.0,300112
1636,2018-03-06,9.66,9.57,9.69,9.5,15267.0,300112
1637,2018-03-07,9.52,9.47,9.61,9.28,13556.0,300112
1638,2018-03-08,9.42,9.58,9.8,9.36,22245.0,300112
1639,2018-03-09,9.57,9.85,9.89,9.52,33631.0,300112
1640,2018-03-12,9.92,10.84,10.84,9.89,43381.0,300112
1641,2018-03-13,11.4,10.9,11.4,10.85,153888.0,300112
1642,2018-03-14,10.4,10.39,10.7,10.35,67213.0,300112
1643,2018-03-15,10.3,10.2,10.34,10.02,40606.0,300112
1644,2018-03-16,10.2,10.31,10.57,10.18,40809.0,300112
1645,2018-03-19,10.4,10.34,10.44,10.12,30450.0,300112
1646,2018-03-20,10.15,10.24,10.25,9.99,27410.0,300112
1647,2018-03-21,10.26,10.07,10.44,10.03,30497.0,300112
1648,2018-03-22,10.05,10.08,10.15,9.91,22439.0,300112
1649,2018-03-23,9.81,9.07,9.81,9.07,44109.0,300112
1650,2018-03-26,8.88,9.32,9.32,8.58,30227.0,300112
1651,2018-03-27,9.55,9.68,9.95,9.41,36454.0,300112
1652,2018-03-28,9.45,10.22,10.22,9.42,48331.0,300112
1653,2018-03-29,10.04,10.06,10.23,9.94,39501.0,300112
1654,2018-03-30,10.09,10.29,10.41,9.98,41516.0,300112
1655,2018-04-02,10.33,10.45,11.25,10.23,64493.0,300112
1656,2018-04-03,10.26,10.31,10.33,10.07,43961.0,300112
1657,2018-04-04,10.4,10.0,10.49,9.95,33216.0,300112
1658,2018-04-09,9.91,10.02,10.18,9.79,19386.0,300112
1659,2018-04-10,10.02,9.88,10.15,9.73,25591.0,300112
